RegionID,SizeRank,RegionName,RegionType,StateName,1/31/15,4/30/15,7/31/15,10/31/15,1/31/16,4/30/16,7/31/16,10/31/16,1/31/17,4/30/17,7/31/17,10/31/17,1/31/18,4/30/18,7/31/18,10/31/18,1/31/19,4/30/19,7/31/19,10/31/19,1/31/20,4/30/20,7/31/20,10/31/20
394913,1,New York,msa,NY,407744.5604,409017.1627,412778.2402,420015.4036,426662.1552,429690.6762,433786.5993,435524.1542,441981.5285,449815.1272,456181.4293,461150.436,466155.6586,471355.4681,478511.9956,483358.4348,485878.5958,491592.6522,494990.1142,495244.5467,500297.5296,507442.7354,508722.538,513407.1615
753899,2,Los Angeles,msa,CA,502650.7643,504921.7718,507532.6411,500086.007,495626.3714,525210.1775,535986.7496,521564.6028,530082.604,564641.2007,577268.8845,580108.1964,595643.9172,616790.7248,628422.4915,648758.6499,654692.6964,635916.8421,633003.1891,649509.4422,664178.0866,667424.6508,663362.1667,692012.7029
394463,3,Chicago,msa,IL,194590.391,195971.2803,198356.6399,200930.2354,204431.4443,207166.2227,209022.2485,210624.9512,214049.992,218289.2471,219926.7629,221751.3292,225597.7781,229718.842,230817.3833,230974.1403,232750.3961,235990.3916,236429.0595,235651.4118,237600.3105,241219.7492,240378.1037,244713.141
394692,5,Houston,msa,TX,174569.7225,179370.5093,183396.5762,186867.2663,189899.5195,192309.0195,194056.1313,195570.1423,197794.3641,199499.5275,201113.6825,202573.2053,204792.7989,206852.3601,209580.0905,211804.3271,214101.5644,216319.013,217382.7596,218827.8415,221571.1254,223705.3914,224056.8541,229096.1869
395209,6,Washington,msa,VA,370259.6321,372331.7658,373048.889,376176.526,380181.2644,381724.8383,382005.3643,383412.1023,389090.9282,394125.1336,395119.2774,397691.4245,402666.3569,407026.4915,409827.7026,412891.3356,415670.437,420981.3035,423448.5081,425647.191,431645.0223,439479.051,441351.9933,453061.4221
394974,7,Philadelphia,msa,PA,204636.9156,206106.0205,207964.05,210576.9718,212264.6516,213752.5874,215592.1392,218006.2726,220494.5952,222544.339,225169.7884,227139.2711,230444.4335,233560.4466,234595.6923,236292.024,238727.9052,242050.5684,243968.337,245721.8075,249658.2818,255632.5195,257651.7523,264235.4041
394856,8,Miami,msa,FL,210722.9406,215595.4383,220910.543,226980.9577,232245.1339,237138.9384,242270.5992,247265.1909,251188.7546,256599.2524,261160.8755,265956.9484,271571.2273,275271.0359,279609.1092,283784.6361,288278.1584,290433.8192,290369.0771,292639.7397,298683.5922,303694.724,303224.8438,310273.8491
394347,9,Atlanta,msa,GA,167266.4985,170076.5155,173495.7648,177226.3735,181157.0207,184979.8767,187898.5388,190319.3413,194785.3832,199139.8535,202579.3223,206147.4113,211627.4653,216887.6827,220852.5172,225272.3919,229926.2217,233606.5907,235519.733,237753.9242,242352.9026,246886.7834,248091.2475,256105.2809
394404,10,Boston,msa,MA,369656.1897,376557.8672,380769.4116,388460.2264,396765.3709,403139.5164,408624.2279,413155.5471,422061.6667,429898.6219,438092.2174,444107.8158,450563.2812,459214.7399,467565.8024,472057.0514,471834.3207,474641.4925,477351.8929,477998.1921,483646.3416,492891.2566,496387.2573,510695.0885
395057,12,San Francisco,msa,CA,658699.3913,684489.5582,708053.8034,731615.2519,755931.2695,777665.9322,775632.733,774232.8841,789840.6939,808057.3812,820679.3088,837335.0719,869386.2901,898761.9387,919146.815,924028.424,921846.3511,912374.6032,912056.8999,917556.2161,925278.9995,940626.6229,932426.5937,955291.0163
395025,13,Riverside,msa,CA,276126.5537,279357.7069,284849.45,288427.3921,291094.9297,298865.2686,304442.4481,302735.1167,299895.8603,314950.7308,324383.4123,334871.889,346840.1465,351253.1305,355331.6976,361179.5048,365400.6741,366729.7512,365871.223,369763.0092,377910.7977,382257.1527,382967.6753,396679.8857
394532,14,Detroit,msa,MI,122698.9564,125709.1094,129249.5637,131386.7546,133928.9043,137208.1714,140106.168,142051.443,145305.8815,149240.8941,152770.9473,155380.4598,158827.6735,163236.5376,166637.8139,168248.9739,170450.6582,175400.3796,178015.5809,177957.1157,179831.7256,183272.904,184144.9186,188812.8621
395078,15,Seattle,msa,WA,324956.2435,335148.3407,342523.499,351894.5632,365702.6509,378800.046,387316.4042,394225.3778,407052.8067,423417.0627,436503.4088,446892.3654,460682.1508,479841.4247,493085.8199,494582.1899,491282.012,493508.3659,495331.4293,496731.0821,505751.8782,521043.03,526266.9992,544990.8931
394865,16,Minneapolis,msa,MN,218743.1514,222972.4154,225770.2803,228668.5099,233214.956,238134.6748,240839.3547,243208.6392,248294.4859,255039.5606,259127.0106,260617.2351,265338.0945,272048.5113,276525.4787,278760.2503,281029.4741,286472.1491,288312.5291,289322.295,293759.6784,300381.6195,300994.6364,307145.614
395056,17,San Diego,msa,CA,452957.0191,462195.7707,469753.3245,479747.7297,492819.7807,501660.2433,505847.0323,512150.3889,524952.5617,535208.6345,543485.3827,554404.7625,566445.6413,573492.8251,579091.7403,582890.5541,582867.0855,584919.9827,586166.0664,588452.4373,597430.7019,610776.8629,613191.4253,630967.34
395148,18,Tampa,msa,FL,153543.7829,156369.541,159721.0359,164319.7641,169320.9178,173691.7047,177288.0898,181903.8015,186631.7616,190809.7869,194856.0758,199489.1563,204255.794,208070.9803,211594.4718,215055.8484,218527.8363,221125.8887,223174.8216,225892.3486,230873.6066,235939.2803,237758.0559,245290.9686
394530,19,Denver,msa,CO,287508.4113,299176.7972,309184.6916,319241.4744,328617.9331,337891.6259,346107.681,351365.2799,360491.4075,370785.3578,376420.6914,379528.9842,387648.6212,396287.5555,402317.8608,405939.2434,409525.0397,416244.6922,417590.8492,420234.9062,426506.6696,435706.4308,436936.0461,448180.2144
394358,20,Baltimore,msa,MD,256941.9652,257615.6697,258758.6714,260095.3151,262769.5858,262901.6115,264517.5141,265610.9912,269045.8203,271444.5654,272494.4632,273737.1067,276921.0448,279986.5652,281734.493,283212.5741,284368.9163,288229.0148,290113.1003,290886.4575,294003.7322,298319.3529,298673.4786,305535.0385
395121,21,St. Louis,msa,MO,144047.5739,144776.7021,147019.9364,149229.2499,151035.9413,153009.3561,154541.6809,155403.6737,157452.1679,159681.2383,161642.1212,163171.7591,165114.8053,167183.663,168672.0354,170130.4224,171520.8455,174262.9186,175127.1669,176078.248,178781.5227,182181.7043,183622.929,189915.0431
394943,22,Orlando,msa,FL,174695.3607,177621.3172,180603.1124,184943.4007,188886.6876,192800.7674,196764.6388,201388.0297,204942.5742,209316.8116,214171.1594,218970.0446,223421.6304,228241.9155,232751.7874,237127.8104,241258.47,245592.474,247719.3454,249969.97,254328.8846,258959.5742,260496.4678,266943.9883
394458,23,Charlotte,msa,NC,166176.2891,168744.2385,171377.3016,174963.4317,179367.7885,182925.707,185784.772,189489.143,193800.8092,197497.9628,201198.1659,205216.7073,210257.8143,214767.2547,217899.8467,221365.99,224635.6217,227875.6359,230583.5008,233386.4784,237848.2683,242784.1875,245958.0746,255462.0488
395055,24,San Antonio,msa,TX,158093.0921,161696.5975,164712.9904,168203.7453,171205.0954,173839.6331,176375.005,178776.9053,181704.8684,185041.0808,187478.8904,189624.8233,192733.6277,195587.3647,198093.1975,200171.8421,202512.9051,203765.1765,205207.1657,207737.9231,211251.8041,213994.5853,215343.388,221246.7641
394998,25,Portland,msa,OR,283863.791,291642.3448,299142.2334,309828.7255,322574.8682,334228.9294,344815.0821,351316.4666,360319.2987,369631.1732,375215.7122,378248.1959,383326.7198,391312.1422,394707.7368,395574.5164,397291.7907,402292.2665,402476.8953,403567.1627,410709.4908,419626.1268,420058.305,432520.7016
395045,26,Sacramento,msa,CA,309603.6524,316625.3259,322027.3006,327029.7697,336298.6876,344461.9237,349614.3434,354227.0539,363458.8373,372777.7637,378877.2669,385859.141,395685.711,404472.6478,410008.9112,411392.1814,413044.8913,418407.4856,420765.4585,423111.7711,429483.3173,437067.2738,437305.0803,450003.0907
394982,27,Pittsburgh,msa,PA,131570.1896,133051.8631,135059.3066,137185.9905,138227.1342,138873.9899,140004.0357,141119.1911,142828.2362,143402.4251,144673.4766,146685.1174,148826.0493,151020.3954,152646.4569,153919.3694,154298.6242,156738.3606,158450.5913,159760.9397,162452.7242,166142.961,166952.9077,172723.3476
394466,28,Cincinnati,msa,OH,145018.398,146345.1782,148333.4857,150734.8284,152859.1352,154744.472,155853.4181,157851.8958,160640.0078,163273.3073,165678.1393,167662.9518,169540.3672,172556.4053,175980.5892,178852.7447,181343.684,185072.196,186999.8972,189182.8894,192616.7452,196475.9129,199386.8193,207432.7383
394355,29,Austin,msa,TX,244790.0592,251730.2864,256860.2836,261864.8874,267275.4924,272294.8477,276491.5939,278765.4418,283590.1585,287793.1979,289297.7833,291178.1344,294338.7804,297017.6357,299339.9966,301441.431,303671.4229,305007.7999,306910.4756,310631.8458,317467.5572,325004.6721,328369.0277,341133.4504
394775,30,Las Vegas,msa,NV,192074.8998,194773.2498,199858.5924,203441.8106,207115.9415,210355.8397,213525.4217,214738.3665,218824.4619,226318.4141,233849.6736,243518.8314,252418.2906,260558.301,270407.124,280304.3969,285383.0402,288869.5758,289548.3901,290162.495,292552.5436,296880.6976,297151.1157,302181.5472
394735,31,Kansas City,msa,MO,147543.7447,149465.1101,151726.5542,154751.0832,157867.065,160875.0571,163593.7344,166504.7794,170206.1549,174100.1536,177407.127,179850.2547,183553.3115,188507.0251,191645.8378,193777.1808,196084.2192,199609.1579,201236.963,202183.8865,206066.596,211008.2268,212637.9838,220606.7311
394492,32,Columbus,msa,OH,148026.8005,151232.8469,154117.1098,157072.3209,159687.4765,162440.3906,164080.4144,165631.1909,168111.8574,171451.1035,174902.4306,177741.8891,180829.5005,184738.4953,188639.41,191651.3709,194143.8353,197876.0155,201974.3905,204489.8183,208059.8978,212697.6828,215862.8141,223521.2651
394475,35,Cleveland,msa,OH,120811.894,121940.0479,123926.6866,125961.3988,127524.6728,129455.8661,130551.7363,131659.6732,133637.6246,135703.1515,137426.7951,139127.4509,141440.2701,143919.5517,145978.9346,147679.0107,150010.0766,152886.4317,153679.8142,154570.9804,156793.2783,159187.8758,159725.6013,165514.5174
395059,36,San Jose,msa,CA,772729.7405,790406.0952,807097.2985,850150.3215,883259.3622,895703.1993,877188.4875,846941.1084,852598.1328,895672.8103,917522.0505,911667.621,945228.0377,1066736.344,1152411.728,1188976.53,1182471.172,1123179.601,1087757.996,1090567.327,1104799.023,1129829.143,1105076.233,1143038.701
394902,37,Nashville,msa,TN,193005.027,197994.7007,202884.7689,209541.5965,216347.94,221567.5792,227203.5337,233866.6366,241571.5992,247696.2474,252661.4161,258204.6708,264603.4688,271090.4788,275390.0364,278119.9559,280311.7589,283666.2362,285601.4403,288934.2963,293702.8523,299382.0154,301216.2795,309094.9977
395194,38,Virginia Beach,msa,VA,214609.1395,215173.027,216963.6567,219504.3295,221343.7115,221588.6083,221752.0199,222835.2223,225058.0338,226604.0124,227848.5973,228968.1526,230598.2411,232363.2044,233396.0528,234617.4954,235801.1124,238360.3572,239892.8393,241905.4618,246026.6509,249440.8463,250913.1776,258776.4376
395005,39,Providence,msa,RI,238073.3334,240795.8778,243191.0027,247093.4728,251742.936,255092.5473,259136.1598,262698.1498,267863.9247,273321.8059,278465.2062,281780.0635,286319.2097,290798.2992,295600.8714,299265.3145,299857.9112,303060.8378,305848.7245,307656.4845,313055.4095,319928.2974,321893.8827,332814.4944
394714,40,Jacksonville,msa,FL,165860.6727,167586.8152,170556.9758,174577.6826,177585.9912,180533.5432,183946.2615,187836.159,190941.8729,194493.5987,198442.709,202993.836,207073.9261,211259.9255,215843.3502,220066.2555,223591.5283,226111.2963,228220.8542,230232.2878,234000.0313,238324.1248,239437.3651,245909.6769
394862,41,Milwaukee,msa,WI,184517.0001,186228.0891,187859.942,190160.902,193570.148,196314.3612,198584.2465,200731.2627,204766.6894,207385.0794,210491.104,212427.452,215582.5727,219716.8513,223656.9724,225601.9525,227476.2347,232795.1488,235321.9002,237013.3172,240653.298,245792.3018,248077.9263,253915.2593
394935,42,Oklahoma City,msa,OK,137393.5336,138436.2788,139628.9977,140830.5713,140372.2354,142016.9453,143595.5643,144724.3086,144247.4734,145056.6981,146412.3505,147680.7015,150594.5948,151599.3481,151903.3486,153080.674,154991.0402,156655.9182,158096.6397,159617.6628,163022.6873,165489.0235,166101.3218,170701.8948
395012,43,Raleigh,msa,NC,216794.1124,220353.1707,223368.1678,227777.7021,232759.1081,236554.246,240130.3893,243567.2785,247949.3134,252173.7306,255388.5498,258205.1879,261863.5967,265865.624,268842.9835,272271.0587,275884.0735,279749.8433,281699.3623,284094.1322,288168.8555,291983.4379,294075.9549,302082.8359
394849,44,Memphis,msa,TN,119157.3907,120164.9332,121953.7998,123383.4371,124901.2314,125914.3409,126387.1755,128308.9523,130759.1335,132596.9818,134639.2337,137540.2037,140568.1194,142868.1454,145389.0345,148158.2136,151650.7894,154416.0173,156727.5815,159204.5851,163131.6451,166863.7089,170047.8346,176422.0267
394807,46,Louisville,msa,KY,141930.9811,142752.1487,144652.1964,146607.6329,148329.7212,149864.6651,151697.2421,154183.5425,157325.2877,159312.7631,162078,164409.1391,163565.7502,168727.9024,172060.0333,174624.6999,177529.4512,181590.8616,183845.9629,185305.5322,188643.9164,191125.5231,192914.8133,199246.3041
394910,47,New Orleans,msa,LA,199380.2755,202077.4996,204898.3012,207110.6335,209157.2839,209626.4477,212318.8104,214234.3153,213605.4801,212266.6619,211310.2573,213527.4644,216176.4133,217564.8747,214640.3368,216199.9589,217532.3858,223603.5628,226802.8113,228547.1285,232026.535,237592.9448,237457.9261,241962.7368
395053,48,Salt Lake City,msa,UT,245072.8472,249252.516,254313.5754,262600.8897,269999.2989,274832.4328,280718.5415,284358.1683,288961.7857,297686.1194,304516.4866,311276.2659,318638.2035,326089.6648,331934.685,339378.5948,345192.3317,351986.0907,353595.2864,358302.506,367525.1655,379329.7465,382822.3109,397809.8934
394669,49,Hartford,msa,CT,211388.9484,211761.8541,212810.5958,213704.1954,214456.8268,214806.5203,215623.4107,216118.6068,217845.9585,218900.6152,221019.4618,222279.7064,223876.7934,224337.4886,224095.8083,224995.6215,224749.6008,226024.6161,226753.056,226973.1375,228999.7545,233388.081,234499.5031,240798.8634
394425,50,Buffalo,msa,NY,129945.6302,130874.9207,132845.9506,135498.8383,136699.973,137795.5015,139030.587,141496.2732,144119.0055,145463.753,148170.5085,150865.2551,153998.9561,156659.2811,159834.4686,162250.9708,162703.1924,165140.4644,167529.5539,169551.4109,171602.5866,174009.218,177189.5121,183892.1223
394388,51,Birmingham,msa,AL,144300.349,144982.8567,146632.788,148047.6254,150231.2709,151515.3739,151833.5219,152981.3966,154984.3491,156013.304,156948.3911,159227.5215,161418.8494,163222.9289,164614.1417,166857.7071,169589.0408,173118.7708,174720.6272,176722.8217,181395.0505,185606.9481,187534.2351,193198.8976
395031,52,Rochester,msa,NY,129022.3568,129606.0366,130229.5777,132480.1864,134008.953,136831.5467,140294.9145,142117.9996,144640.2921,145474.0037,147200.4918,145565.9082,144759.3798,144973.1352,146292.2857,148956.5401,150055.3322,152140.3966,153934.666,156112.2231,158524.7528,160523.1432,163522.4114,170578.0876
394640,53,Grand Rapids,msa,MI,149534.6587,151964.3269,155337.1192,158045.8659,161819.3723,165692.9728,169676.4539,172886.0335,176897.3111,181492.1314,186615.0903,188342.1778,191741.8476,195655.7045,199887.1268,202486.1159,204512.183,208527.0903,211667.5762,213646.6688,217041.6037,221474.3036,224353.9406,231918.778
753924,55,Urban Honolulu,msa,HI,549182.2736,554300.9602,559515.7064,572117.9521,577198.7197,587137.5452,593338.7494,605807.2939,617099.3661,625181.557,632991.669,642565.938,650809.2219,658769.5822,666309.6653,670159.3404,668379.2268,669742.0772,669775.3321,667307.7075,670840.1541,675479.1644,673165.4434,684529.9592
395169,56,Tulsa,msa,OK,130778.1091,132056.9617,132924.4642,133746.3532,132282.1779,134954.5794,136772.7246,138796.9187,141350.1637,143434.3596,143796.6942,144271.0581,143078.1932,145258.3917,146334.5171,147911.2642,150340.0672,150647.5206,152561.7989,154325.3507,159353.2201,162411.8329,163907.0116,169813.3543
394619,57,Fresno,msa,CA,194824.6019,196036.0515,199394.4065,205083.2325,209646.6827,212372.9883,214206.6766,218478.1931,223116.6626,227972.316,232516.5598,237198.2144,243489.2169,250245.1966,254829.3352,258721.5108,261353.5592,265984.1355,266628.6967,268830.6758,272858.6443,276610.8904,277576.0596,286980.2752
395238,58,Worcester,msa,MA,223504.4836,225924.2506,228630.4461,231570.5415,234242.1009,237621.6678,241278.0919,244358.0719,248561.4382,253121.7917,258196.9142,262448.0988,266270.9794,271636.9852,276081.0207,278980.1129,278786.2319,282274.1702,285322.3478,287282.2005,291725.5648,297650.5017,301044.8909,312532.6955
394938,59,Omaha,msa,NE,147302.4656,149239.2775,151509.8269,154246.834,156450.1212,158551.1791,160159.7208,162088.7073,164153.0613,166807.2206,170021.2164,172465.7015,175446.9017,178598.2628,181362.1223,183300.5222,185421.4371,188633.7575,191369.3956,194219.6322,198056.7954,202159.1021,204655.8859,211655.9677
394415,60,Bridgeport,msa,CT,388729.6385,390875.9616,391367.2052,394438.5448,396931.0767,396856.1925,395854.8475,395220.2692,399989.8777,403480.0893,405320.2934,404099.2271,406272.3983,407377.8116,407888.7159,407490.1706,407016.8948,406866.2441,405479.6201,404014.5148,406233.0528,412160.8173,410102.5227,422795.7985
394653,61,Greenville,msa,SC,144812.4678,146987.076,149532.9247,152528.3269,155654.7546,157489.385,159060.8668,162181.4077,164497.0199,166865.9714,169489.8547,172029.3172,175694.302,178837.4708,181695.8883,184605.7689,186949.4494,188439.6351,190212.2721,192713.7695,195845.8401,199547.2785,202172.0747,208760.2899
394357,63,Bakersfield,msa,CA,176705.8883,179233.9046,181880.8242,185064.714,189209.1234,192028.7517,192526.3866,193717.7157,196775.1354,199885.8703,201728.2509,204385.7006,208866.2413,212757.6345,216040.4902,218133.6439,221123.2509,224847.7707,227301.5063,229422.0642,233064.7746,237280.5616,239907.7227,247698.3449
394308,64,Albany,msa,NY,197086.0424,198410.9549,199511.9416,200896.5079,201790.2426,203090.1787,204059.4709,205292.3463,207009.0689,208131.7408,211122.0504,213485.6253,216194.8301,218509.0236,221652.2233,223928.5819,224660.4865,227488.2755,229463.9743,231246.3248,234174.2647,236386.892,238519.5664,244702.4283
394753,65,Knoxville,msa,TN,147389.3225,148732.1142,150727.6018,152604.8918,154391.166,156181.8083,157265.5286,159100.3443,162120.5164,163717.4055,166108.5317,168653.8022,171647.7557,175083.6222,177307.5125,179965.7405,181856.9913,183739.3198,187186.2145,190706.7621,195722.5093,200110.442,202717.1745,210331.2275
394908,68,New Haven,msa,CT,205656.9215,205289.1823,206293.9984,207725.0218,207400.5213,207362.2521,208351.8176,208702.6401,209458.9495,210740.2327,213478.7987,213839.8376,216181.8092,217277.1848,217996.1309,219260.0077,220888.0126,223218.4045,224109.1263,224960.8888,228178.5471,233235.6671,234908.2872,241703.549
394561,69,El Paso,msa,TX,123049.4491,124301.4196,125558.926,126359.3629,126111.3862,127009.6755,127792.1945,128555.3006,130098.6231,131886.8819,132853.7143,132213.6286,132731.0315,133183.8401,134099.6808,135280.9066,136207.3377,136390.7501,137275.8944,138780.4965,140588.0321,142714.0299,144736.5881,149187.2693
394318,70,Allentown,msa,PA,181810.2826,181521.5494,182818.1971,185378.309,186291.0465,187086.8863,188049.2519,189192.0229,190884.4667,192803.9925,194857.0017,196730.3147,199176.8385,201797.6825,204492.2685,206762.2698,208115.7075,210173.2449,211494.1833,212716.0614,216897.2741,221437.5624,224106.4905,230446.9854
394952,71,Oxnard,msa,CA,489387.2675,497691.452,504178.3317,511264.0229,522071.3794,532500.5298,536351.0569,539984.2935,551119.5052,561336.2529,566338.8932,573275.5942,586008.54,593629.3865,597172.5552,598586.6935,601057.4558,604432.4991,603744.1707,603669.1454,609332.7834,620854.8197,620606.1907,639382.0281
753906,73,North Port,msa,FL,211310.9637,215053.558,220755.3659,228787.8676,235000.1706,238096.5214,242580.9293,246938.5057,250746.0481,253217.7327,255080.1637,257221.411,260046.5906,262002.6078,264864.49,268641.2749,271019.142,270958.8285,270232.5722,272468.6302,276785.7717,280569.5109,280862.4744,289071.5839
394457,75,Charleston,msa,SC,209934.1874,214312.8849,218951.9591,224402.3551,230026.9607,232776.2326,235437.4294,238951.6362,242472.2305,245839.0344,250124.4808,254209.6001,258516.8269,261976.1523,264024.4305,266820.447,268520.1268,270669.3562,272430.9473,274271.0751,277197.3306,280713.3821,282427.4412,289886.377
394648,76,Greensboro,msa,NC,126047.6811,127217.8432,128763.7901,129825.0662,131217.9788,132182.1806,133784.9215,136096.1351,138400.6898,138942.6511,141094.3115,143587.2353,146228.9786,148978.9078,150606.0416,152926.995,156604.8508,160579.9333,162328.2732,164385.6525,167701.8055,171496.1122,174445.1226,181051.625
395134,77,Stockton,msa,CA,262169.3271,268221.7816,275046.2329,282225.0932,290594.1698,298332.8252,304677.7247,310620.9617,318374.5,328410.4966,335314.3767,342454.8868,350745.9408,361743.2032,369621.1464,372361.6293,375867.1405,380318.7208,382438.42,384815.6682,389371.9736,396473.5681,398107.2438,409248.5467
394440,78,Cape Coral,msa,FL,183363.3749,187279.8405,192725.4854,200002.736,207223.3543,211912.8177,215870.0347,219358.3243,222510.8067,224501.3667,225251.9412,227386.5263,229925.671,230876.607,232020.8199,234509.3779,236343.6401,236570.1081,235542.4084,236402.4838,239859.8794,241959.3386,241711.3256,249411.303
394484,80,Colorado Springs,msa,CO,223457.9443,226968.8079,229880.0684,234647.7294,239534.7642,244414.6529,249555.1672,254016.071,260343.8556,266797.0512,272547.9648,276945.1744,284403.8424,293350.3895,299163.661,304598.0874,309474.9176,314279.4583,317865.9182,322573.4325,330769.5465,339602.0141,343920.1477,351695.573
394304,83,Akron,msa,OH,117491.6613,117986.2165,119861.7391,121707.9407,123433.8184,125092.3094,125724.9651,126894.8675,128610.9512,129984.3314,132158.6957,133827.3548,136203.9175,138288.6755,139958.6219,141894.029,144149.042,146730.8698,148285.4497,149221.0413,151255.966,154342.7557,155819.7616,161143.1069
394531,84,Des Moines,msa,IA,160486.4244,163655.0605,166763.9603,169538.607,173005.8768,176406.7614,178552.7442,181114.9823,183579.3906,186885.0518,189276.1524,191359.7958,193629.2458,197002.0461,199512.8974,200846.9826,202690.422,205674.992,207275.1347,208543.2509,210619.4879,212155.1803,213558.0366,218296.3257
395115,85,Springfield,msa,MA,195224.6896,196574.5255,198542.3832,201230.7316,202650.739,203325.1714,205541.5497,207123.8722,209370.7456,211272.8674,213512.8275,215585.0744,218154.431,221030.3561,223722.8717,226409.1703,226713.9788,228936.9775,230516.0119,232429.7609,236303.0846,239644.7936,242463.5008,250490.9558
394931,87,Ogden,msa,UT,204721.9496,208012.491,213445.7349,219290.1247,224481.7324,230172.097,236815.0772,242246.9712,248173.5952,254324.1808,260793.5059,265528.4065,270834.6886,278681.5241,286819.4077,293595.7982,298523.4571,307369.9194,312315.0389,317391.6616,325084.0025,333868.7887,338961.5297,353306.5844
394816,88,Madison,msa,WI,215915.0966,218170.07,220519.1093,224294.4893,229762.4024,233619.2532,237114.4034,240102.9774,244532.7737,248104.583,252215.6358,255137.1283,258702.269,263098.1098,267990.3456,270477.3671,272387.7882,276624.1732,279386.8635,281431.7881,285552.246,290957.8985,293251.4852,301662.0013
395235,89,Winston,msa,NC,133559.5244,134177.2814,135882.3404,137202.2906,138517.0997,139764.9699,140023.3805,141314.8898,143051.1964,144418.7746,146268.886,148259.9064,150714.987,152534.2649,154738.5273,157435.8068,160378.2566,163976.8256,165740.247,168116.9782,171699.8388,174812.9586,177376.6987,184740.6639
394528,90,Deltona,msa,FL,148141.6468,150444.7055,153465.1059,157481.8938,161238.6774,164932.9372,169035.1345,173392.5514,177572.9004,180554.2506,185040.9817,189958.298,195489.8706,199768.2034,202756.5306,206147.9609,209243.9253,212452.5773,214420.3412,216992.0129,221402.7172,225212.5207,225890.9216,232945.965
395143,91,Syracuse,msa,NY,121662.386,122948.1297,124114.092,125446.0747,126170.3247,126804.5323,127322.4856,128404.6195,129895.4274,129510.7733,130270.0386,132048.4805,134171.1397,134601.4113,136830.2516,139490.2457,139882.3722,141264.7762,142769.2295,145123.4482,147086.1976,149005.6007,151144.6174,156951.9763
395160,93,Toledo,msa,OH,100352.9921,102110.1831,103828.753,106328.8167,108398.5887,109525.422,110339.7515,111256.885,112882.2021,113587.8056,115376.5801,117437.0237,119887.5318,121668.4245,123634.607,124845.1111,126128.1353,129308.9355,130089.1249,130521.2303,133267.9431,136123.6692,136882.7155,142155.8002
394352,96,Augusta,msa,GA,121554.7884,122033.9186,124081.4475,126191.6125,127711.516,128471.0316,129082.2355,129434.2838,129777.0803,130637.2232,131627.3713,133673.7594,135598.687,138066.7234,140458.8652,143201.4887,146453.9867,149645.0354,150958.6571,152346.344,155466.5053,158774.6438,160870.2225,166644.574
394957,97,Palm Bay,msa,FL,146834.6116,151159.2226,155223.279,160588.2001,165413.3895,169232.2807,173692.3241,178903.7855,183196.0847,188409.7322,194245.7796,199634.4228,204162.6746,208990.5079,212086.9229,215432.5396,218015.5274,219094.2221,219766.3753,221778.9349,226459.7295,230798.8858,232695.4239,240266.9911
394666,99,Harrisburg,msa,PA,168476.5348,169385.3405,170098.6182,171427.9595,172619.0134,173670.9613,174667.6421,176149.702,177579.1193,178609.2095,179425.849,181085.5079,182974.5159,184394.7075,185483.6277,186216.1468,187295.9471,190208.7184,192211.3935,194584.5757,197498.9344,200052.0295,201884.6387,207719.0615
395113,100,Spokane,msa,WA,168059.0659,169906.83,172868.4809,177025.3668,181815.2363,185347.9623,187770.3931,191236.554,196979.7727,203488.6197,207889.4519,211696.1107,216345.9965,224244.0813,231603.1551,237664.9408,241868.0033,250043.3956,258869.5895,263385.7086,270500.4315,282617.8851,288423.2088,299902.7862
395075,101,Scranton,msa,PA,124081.8262,123203.8094,125659.9637,126612.9301,128797.818,128132.4107,126462.5582,127598.927,126843.4117,125645.8316,126419.8943,128122.1792,131963.4084,135659.3833,136718.5794,136133.6765,135829.7359,139320.1437,140409.9092,143186.0092,145582.9203,148615.9939,148546.3037,154095.8643
394460,102,Chattanooga,msa,TN,147487.8279,148164.3013,150662.9217,152868.5652,155028.7116,157034.85,158881.9803,161139.7712,163929.084,166719.1178,169261.5961,171968.6812,174672.6068,176346.9882,177952.8194,180849.2647,183876.2236,187559.5245,190324.1658,193593.8918,197566.8322,200952.2428,203440.3913,211375.545
394871,103,Modesto,msa,CA,223738.2813,228097.6508,232982.8655,239663.117,247351.7095,252868.1565,256622.2652,261276.6444,268478.0291,275313.2932,279088.3209,284943.1576,293380.2384,301020.3405,305959.1811,309308.2652,312915.1881,317936.2413,320184.2191,323898.2717,329264.9537,334521.3179,336901.5717,348136.0737
394997,105,Portland,msa,ME,232887.0417,234940.9756,238578.0329,242827.3457,246305.9952,248640.5289,253747.6661,258246.5023,263997.8313,269209.499,274731.8634,278847.5805,282279.1318,286687.653,293071.6116,297534.3728,299596.2606,302745.7919,304684.4602,307996.619,313373.4934,321661.2694,326987.152,340635.634
395245,106,Youngstown,msa,OH,83558.13727,84455.83102,86096.09243,87698.43283,88561.41172,88919.19643,89501.68048,89634.98414,91136.9713,91475.66835,91650.16909,93483.02961,95067.76831,96625.3552,97306.93204,98088.19852,98981.81529,101276.9198,102271.5354,103331.2683,105168.2428,107246.1963,107777.4199,112692.6843
394770,107,Lansing,msa,MI,119742.061,121116.0353,122573.2263,124418.9709,126589.4342,128274.6758,129069.9969,131553.364,134544.1839,136726.778,139372.7961,141298.5732,144201.9113,147185.2386,149708.3278,150487.521,151552.8252,154531.0803,157741.3732,159958.2207,162755.5795,166350.1616,167909.0662,173103.2824
394589,109,Fayetteville,msa,NC,131212.5604,130690.4271,130821.3664,130680.0939,130527.8769,130526.2464,129768.0647,130867.4544,132081.3046,132658.5685,133870.7559,134964.1961,136119.5878,136755.0443,137661.2039,139069.064,140621.3648,142572.7504,143801.9174,144845.4234,147887.9457,151270.9094,152609.4206,156937.5876
394792,110,Lexington,msa,KY,152987.1489,154137.8854,156124.0835,157730.6508,159560.0889,161822.15,164193.491,165984.7701,168003.1603,170330.4332,173763.4668,176638.8592,179470.2467,182539.004,184122.9069,185933.5412,187130.5311,190333.7728,192322.0214,193963.3088,196524.0679,200301.4373,203056.3366,209921.4365
394971,111,Pensacola,msa,FL,141223.663,142847.5416,145342.684,147063.0156,148148.404,150483.6494,152538.2872,155151.7803,157157.9333,159916.1202,163073.3686,166478.2071,169751.7192,173460.22,176228.8341,178864.2315,181898.1216,184951.7985,188640.6246,192322.896,197218.2343,201752.3843,205711.6803,214102.1198
395068,112,Santa Rosa,msa,CA,478800.6822,494575.7897,506187.6205,521787.8388,538455.0424,549361.8456,555080.0365,560399.0078,571530.6773,581942.0399,592313.6755,602560.2552,620404.0557,643823.5441,658654.2638,657485.3764,648989.698,645845.4583,645076.3048,644755.7768,646552.8244,655110.3875,646971.3165,658754.719
395019,113,Reno,msa,NV,245025.1363,253856.9229,265216.8848,275553.4734,285908.307,294740.2872,301497.5159,303752.1655,310124.0545,319292.5469,323094.5839,329473.9236,341020.6901,352842.5864,362703.3119,370827.8877,374419.8537,378039.6071,378972.9863,381451.5865,385715.0349,393164.0698,393007.5263,404989.5716
394995,115,Port St. Lucie,msa,FL,153906.0756,157854.309,163084.2214,170659.7721,178063.7657,183599.9244,188967.8279,194272.7219,199229.3124,204120.7792,207480.1871,211407.0364,216896.9332,221805.8289,225403.8068,228622.7679,231587.227,234251.9402,235345.3606,236950.8898,240731.4969,244301.6249,244713.6389,251589.4791
395195,119,Visalia,msa,CA,168607.6901,171232.6611,173534.2987,173666.6099,173960.566,180577.1114,185769.9006,189913.4291,195856.4159,200934.537,204063.0052,207973.213,212862.1545,216567.6276,218502.8104,220987.2553,224186.9005,228487.6318,230232.0212,232587.0385,237457.1889,239094.9811,240774.0564,250206.5535
394338,121,Asheville,msa,NC,198725.5654,202473.0473,205958.984,211060.9348,216155.8616,219447.8875,222876.6922,227759.3371,231962.6028,237554.1066,243059.8529,247876.1519,252112.1102,257504.4005,260770.2184,263241.6842,265769.7767,266666.1078,269334.2771,272102.5571,277297.3927,282464.2476,284272.6756,293925.9252
395244,122,York,msa,PA,159185.5325,159640.243,160792.6881,163070.9204,165351.0189,166642.8749,167619.0247,169162.0102,170939.6865,171869.4401,173377.2262,175977.2193,178697.6351,180104.2621,181070.3772,182285.3773,183648.9327,187420.2248,189808.5052,191711.4382,194597.7678,197449.5997,199487.9566,205639.1295
395183,123,Vallejo,msa,CA,318673.2422,325059.714,334068.528,343599.3987,351890.4933,358816.0525,367278.475,377378.5334,384991.2978,391813.823,399021.3404,408179.4542,419785.7404,429244.5067,437262.99,442256.4404,444909.1266,446847.6885,447334.365,449308.1233,454426.0246,461855.2525,462487.9265,475244.2429
753917,124,Santa Maria,msa,CA,492272.0691,499510.6369,506984.9607,517158.9725,530484.0518,543284.0437,543729.1135,546238.6754,554103.2263,560207.6233,563150.3803,569101.5032,578584.3309,582903.2535,585950.8826,589642.9089,592968.7662,592798.3843,594278.1113,597086.5781,600991.8642,612101.1541,614356.237,635763.1086
395050,125,Salinas,msa,CA,416947.5261,423865.0441,431815.1157,443689.7715,458619.4941,469269.7077,472951.0845,480183.7278,491981.9054,503951.8782,509430.9582,517298.7159,526774.7379,535530.3716,542188.1443,548783.238,555933.8225,562287.8618,565845.5579,569255.6952,575970.4349,588786.8827,594113.1221,614019.821
395048,126,Salem,msa,OR,191841.627,197396.5851,201472.8908,207565.3082,214992.7432,220994.8881,227526.4945,234966.5147,242354.9411,248964.8958,256328.1044,262516.3192,269506.4474,278608.8805,286203.6656,292674.7778,297544.7439,302708.9435,306134.5594,307984.3531,313846.0156,321274.4767,322914.7614,332806.0812
394870,127,Mobile,msa,AL,104142.3589,104357.8705,105948.2234,106748.6896,107989.8918,109593.2483,110612.6522,111942.6841,113631.7051,114689.0878,115298.4058,116919.2309,117579.7581,119348.86,120619.6549,121777.6324,123591.4311,125476.3245,127651.4917,130424.2048,133934.7592,135937.1752,137922.6192,142607.5844
395015,128,Reading,msa,PA,154361.0228,154502.1169,155227.2659,156860.1498,157685.4121,158788.3064,159831.3087,161576.1953,163548.5573,164444.9981,166605.2555,168504.5038,171664.8126,174581.7405,175649.8272,176029.3945,177517.1085,180275.7402,182979.3725,185444.1372,188123.1399,193229.3988,196115.1255,201491.6176
394820,131,Manchester,msa,NH,224020.6146,226497.5347,229685.5529,234939.1521,239139.0478,240797.2321,243976.5213,246070.9348,251061.372,255970.7887,260721.7914,264773.0943,268967.1661,272801.7163,277905.2013,281070.3221,281688.5775,284624.6474,289360.7999,292709.414,297631.5672,304103.8444,309271.1473,321575.2839
395051,134,Salisbury,msa,DE,243903.472,245201.1136,246296.1143,248445.7885,249530.7089,249955.4872,250903.4704,251388.7354,254565.6571,257940.39,260047.7495,263017.6176,264525.6287,266222.1128,268740.9418,269853.1826,272436.5943,276120.0507,278914.6618,280644.1174,284542.2371,288758.7903,290143.0214,299647.2568
394439,137,Canton,msa,OH,109438.6589,110048.6927,111284.5968,113308.7565,115296.5679,117539.7545,118347.8451,119244.5815,120250.7887,120784.805,122803.0714,124681.8845,126386.2463,128431.6847,129909.7525,131723.4984,133903.4755,137230.5951,137425.2187,137645.5784,140012.82,143833.0038,146030.8308,150741.1424
395070,138,Savannah,msa,GA,165412.3612,167003.1433,168550.1479,171862.8308,174537.8575,175065.1005,176080.4717,176609.6733,177836.4525,178218.9192,179639.137,181888.5403,184660.4822,187366.9381,189963.8822,192969.8018,195485.5529,197978.9473,199983.4096,202150.5733,205131.7496,208323.629,209136.4351,214824.4609
395164,142,Trenton,msa,NJ,231053.9186,232213.2351,234291.1642,235645.8581,237178.3863,238849.5619,240635.4703,241624.7244,242847.3912,242812.2887,245593.4116,246194.9502,250499.0336,253229.4686,255722.2139,255872.7216,257587.8439,261187.2948,263711.6606,264314.8904,268394.9672,274500.4088,276034.897,280660.4071
394875,143,Montgomery,msa,AL,127861.8966,128119.8639,128769.5239,128869.6865,129152.0968,129531.7231,130042.0608,130243.8587,130076.4858,129838.2651,129868.048,131310.757,132056.0347,132401.4665,132648.3759,133688.7915,135171.3798,139129.5912,139791.1654,140326.0611,142431.5623,145079.4652,145091.5988,148057.0205
395146,145,Tallahassee,msa,FL,149556.0641,149996.3393,151952.3859,153929.7014,156763.9511,158531.7972,160076.7393,162409.3371,164382.6658,165722.3121,168047.7602,170750.0067,173034.3852,175359.4279,177778.7125,179719.56,182060.7927,184408.9584,187866.4871,190721.5697,195089.4249,198914.5208,200415.5913,205972.1837
394576,146,Eugene,msa,OR,215286.1764,218660.353,221863.7426,226437.1774,232500.1526,237897.5006,242679.6526,247454.1792,253823.1922,258698.1832,264540.8778,270452.6274,276620.2426,283141.695,287862.9694,292231.2117,295916.4841,301060.2334,304916.2025,309050.1317,315157.3566,325465.3615,328990.3802,339242.343
394332,148,Ann Arbor,msa,MI,234020.4368,237523.9595,239500.38,244968.0717,250405.861,253700.6527,256082.2499,258119.9796,262357.8727,267387.2739,273100.5478,276285.1672,280000.068,285599.4562,292432.7755,295884.1818,298379.5626,304315.5755,307697.0553,308600.0509,311473.3245,313661.662,312914.0532,318208.1352
394679,150,Hickory,msa,NC,110963.7534,112402.5944,114477.4333,116959.5667,119583.0539,121057.2193,121890.9982,124280.5716,126543.8862,127679.292,129340.9725,131672.0145,134049.7926,136334.795,138717.6998,141381.9239,144449.0872,148050.8792,150591.7948,153628.2854,157259.9174,160828.8641,164007.0162,172070.3995
394602,152,Fort Collins,msa,CO,283503.1245,293578.4008,302385.7663,312220.3862,321083.0508,330538.398,338737.591,343819.331,352267.214,362257.6022,366833.2274,369601.5034,376938.1911,383861.0269,388159.4307,391578.6287,395479.1476,401949.7044,406414.9538,407535.0578,411642.6395,416615.8655,416558.5207,425564.1497
395033,153,Rockford,msa,IL,90162.63574,88941.88708,91534.53142,93816.88196,95075.72224,97400.72739,99119.25359,101567.7338,104161.7941,106500.1615,107164.9756,108020.5576,111984.4202,114972.576,115648.6094,115856.2157,117733.5105,121802.8911,122148.3015,122378.436,124460.2597,126691.1271,125238.2093,128308.181
394796,154,Lincoln,msa,NE,155548.4389,157160.1951,159446.4383,162438.6855,165817.675,168513.0512,171266.3795,172822.8945,175015.3819,177880.8204,180877.1635,183245.8229,184902.5786,187309.0748,191043.3257,193921.7749,195239.3271,197960.9706,200358.7629,201588.7941,204085.6173,206820.2349,208862.4381,215111.4742
394622,155,Gainesville,msa,FL,146747.4418,148660.9227,150988.7867,153637.1646,155766.0943,157871.9601,160376.7478,163207.1393,166208.3948,169982.1911,173953.5468,176913.856,179388.1033,182722.2209,186478.702,189025.336,190845.4742,191024.7371,194493.3658,198123.9173,201982.884,206418.6207,208591.5957,215296.4128
394405,156,Boulder,msa,CO,378991.42,391352.5524,402268.3408,417923.8049,434042.8615,449246.8575,462478.4161,470104.1888,481126.2732,492116.6172,500172.3732,503666.6073,508321.8333,512536.6983,519579.4706,524674.9764,528768.5446,533046.3396,534433.7936,539263.8781,547192.81,558088.768,555930.9096,567610.6277
394645,161,Greeley,msa,CO,238991.6916,249903.6827,258252.9882,267051.0208,274746.204,282374.0634,289466.9578,294966.1133,302632.7752,311914.1828,319983.7467,326762.7237,333955.6723,342329.9808,348003.9679,352588.5908,357281.9261,363098.545,365210.4776,368847.8352,374235.796,379932.6909,381525.9896,390537.0818
394471,163,Clarksville,msa,TN,146260.2371,145586.9569,145891.9644,146296.114,147001.2475,148106.2171,149130.8007,150289.2301,151311.2251,151972.4077,152260.7246,153776.9139,156347.9948,158405.9034,160691.0001,162518.2322,164136.3676,166460.7047,168958.0729,171953.793,177252.229,181470.2221,184651.9263,190281.4067
394579,165,Evansville,msa,IN,115485.8355,116416.7195,117678.5982,119110.5662,120315.2836,121857.3106,123584.5549,125152.3308,126428.7977,127922.181,129106.4307,130228.0605,132157.4898,134298.3258,135768.1194,137136.7196,138017.8613,140006.2614,141011.2118,142869.4153,145205.5151,148199.4681,150041.7605,153547.0609
394747,167,Kingsport,msa,TN,116623.4437,116371.9551,118298.5448,119835.91,120545.3322,120784.5836,121265.7924,123091.1653,125916.9761,126447.6165,127724.8301,129076.7731,130230.1702,131485.4291,132022.4652,132814.6138,135245.9611,142007.7533,144336.3581,145451.6248,148147.2426,150433.7663,151375.32,153559.063
395179,169,Utica,msa,NY,107211.7621,108877.6697,109801.9035,110854.1736,111882.9132,111661.1573,112385.9551,114141.4836,115701.0782,116220.7841,117151.5521,119718.5618,122309.6578,124070.8358,127014.2463,128903.2024,128982.3577,130338.7311,132259.9092,134069.6864,136481.8994,138775.9034,140970.5016,146092.2779
394660,170,Hagerstown,msa,MD,172341.1393,171342.5833,172878.9422,174437.0099,175743.5301,175475.6598,175728.7276,176422.2258,179291.8589,181218.6547,182540.4322,184290.709,188100.4554,190624.8556,192392.0383,194008.2426,197390.8362,200709.8806,202860.014,203576.1785,206534.3441,210275.4428,212241.3239,219267.2183
395061,175,San Luis Obispo,msa,CA,477239.0485,488456.88,494249.9841,485859.3602,480991.0952,506950.924,521746.4937,534429.9667,554114.3826,567852.9169,568662.2292,577346.1702,593859.6914,600812.9886,600388.7949,606672.2532,610749.4789,608960.3141,607567.3255,614101.7205,623407.0543,630708.0724,624782.4865,644048.9826
753875,176,Crestview,msa,FL,220633.094,224064.9831,227610.1343,230806.7288,232472.1321,234689.0723,237239.8462,239366.7697,241793.0746,246372.9032,250330.2693,254808.5496,259936.1285,263626.0719,267787.0608,272442.7221,276597.0499,278423.547,281993.0563,287208.3045,293426.7043,298932.1106,302128.9744,312010.0373
394447,179,Cedar Rapids,msa,IA,141655.1001,143239.9825,144318.4371,145222.658,146059.2292,146098.8158,145848.4259,146240.7648,147226.0261,148661.7231,150390.4473,151458.0522,152986.9165,154491.2012,156101.2609,157750.304,158805.2757,162123.7312,163903.9099,164538.2428,166245.1203,167018.859,168284.0449,171791.5719
394348,180,Atlantic City,msa,NJ,193412.8383,192515.1696,191356.5802,191209.0541,189526.025,186431.5673,184447.0437,179253.3379,176871.3235,176792.4582,178717.7438,181950.9269,184168.5776,184727.2644,187752.2482,192438.8126,196070.1136,201463.4019,204105.0333,206633.5376,211338.1898,216080.4451,217936.3871,225228.7274
394412,181,Bremerton,msa,WA,257680.7787,262752.9349,268383.9045,275643.8107,284884.0193,292815.4385,299307.3166,308330.8666,320326.4331,330826.4492,334949.5428,339104.2891,344720.1932,353815.7512,362608.756,368293.0689,369531.8419,375243.0621,383808.6718,391429.2922,401402.219,411376.8527,418427.7793,437061.7525
395065,183,Santa Cruz,msa,CA,614838.7132,635842.269,649683.3924,665384.9659,687170.7072,709255.4533,709866.0468,712820.5446,734253.4434,748395.3347,756714.5682,768566.5415,795755.7332,813163.4287,823111.3752,826150.7086,823707.8425,814264.0067,817214.6773,817910.8495,819010.7187,834157.2821,830495.4363,864483.4367
394572,184,Erie,msa,PA,118116.3316,117465.4733,118667.2032,120349.1483,120828.8585,121630.2153,121673.7521,123194.6753,124355.0715,124664.1865,125268.7195,126018.9865,127262.0053,127386.847,127490.5381,127948.1537,128282.589,130247.8991,131215.3085,132032.3448,133265.7384,135478.1138,136954.882,140531.7726
394924,185,Norwich,msa,CT,212450.1133,213511.1748,214954.993,216230.8288,217065.3916,216593.3652,217010.3248,218525.538,221531.5604,223496.4502,225791.0235,228481.3289,231976.6892,233324.3832,233975.3918,234633.1558,234725.7511,236113.9543,236577.5123,238329.4851,240937.9948,244652.4396,245928.1357,254776.1425
395171,188,Tuscaloosa,msa,AL,137663.6664,138666.1407,141217.5306,143307.7915,144604.8382,144481.2233,143663.0887,143196.3944,142358.3437,141968.3829,142692.5329,143876.8517,144933.1457,147074.6553,148323.6247,150577.002,152191.685,155980.676,158039.5498,160260.5028,163382.5994,165670.9533,167251.9032,171661.2931
394732,190,Kalamazoo,msa,MI,136891.9837,138656.0067,141955.248,144206.1592,146502.4618,148178.1268,150478.106,151247.1448,152077.9174,153882.0789,156057.5768,158874.5577,162980.2112,166101.683,169520.9164,171505.1359,173377.3598,177737.9755,180621.5001,180826.7378,184320.0736,189639.4499,191073.3496,195838.2617
394811,191,Lynchburg,msa,VA,150353.3759,150909.145,153423.6471,154962.3554,155682.9661,156437.7296,156861.0171,158567.7725,160656.367,161482.0708,162272.8089,163878.3555,165747.6085,167818.8235,168994.6537,170485.8328,171547.7037,174930.8686,176464.2014,178394.5451,180850.6606,183001.5368,185419.8306,192657.8226
394455,192,Charleston,msa,WV,98700.39709,97721.09186,97616.98996,98614.32115,98625.21623,99392.27567,99061.32665,99507.71359,99872.83986,100370.3015,100504.5553,100687.5177,100969.5452,101427.4676,101766.7896,100956.1675,101127.4496,103026.836,103922.2488,104195.7388,104145.2049,104347.3427,105117.1681,108591.4225
394387,195,Binghamton,msa,NY,105075.1729,105164.9952,106013.4735,106966.9178,107419.4858,106677.7893,106229.6236,107071.2504,107919.0472,106950.0073,106733.1212,108182.5513,109051.384,110346.2855,113516.3103,115178.1868,115576.0998,117410.6253,118494.1326,119262.5917,120404.0691,122066.1781,122754.0487,125901.9918
394609,196,Fort Smith,msa,AR,108889.0688,109329.3206,110409.0735,111579.41,112490.8869,114209.2606,115035.0709,116078.0529,116815.431,116902.9703,116867.308,117695.5445,119288.8553,121041.1892,121897.9987,122402.3108,123330.6076,126241.9659,128453.457,130240.6443,132443.8874,133347.289,136168.8218,141004.9714
395161,199,Topeka,msa,KS,107815.8704,107939.4186,108882.4735,110387.4236,111344.4322,111758.3511,111012.8486,111495.52,113412.299,114390.8113,115591.552,116900.6773,118248.4448,120037.8594,121956.7277,123754.619,124741.3185,127129.603,128662.1723,130810.2221,132955.1423,135413.7582,138372.7685,144234.0216
394813,200,Macon,msa,GA,94582.69702,94153.05487,95858.75778,97604.53826,99461.45874,99383.91008,99256.77187,98854.34092,98023.7677,97928.07088,98476.86011,101012.7196,103657.8741,104375.5105,106096.5568,109117.0672,111589.7654,115697.6947,118111.2984,120317.0707,121625.5557,123362.5197,123524.4771,128197.2105
394361,202,Barnstable Town,msa,MA,356600.7861,359031.7766,363188.5594,368309.0691,372642.789,373458.2903,376647.8976,379176.8292,385761.1272,391368.0066,396983.6815,401574.0243,407289.5677,412493.8136,420591.677,425096.7235,424626.2022,427743.2036,430474.0407,429832.3489,432735.5139,438570.6436,439748.9469,455888.4304
394519,203,Daphne,msa,AL,196179.1231,199689.218,204929.1996,208360.9417,210439.5167,212974.0197,215337.6078,217092.1868,219534.4044,221470.939,223141.6802,226928.7144,230403.4827,233110.2183,237321.376,239462.0424,242521.7573,245632.7779,248622.5279,254510.5424,259044.0033,263383.9702,267250.7831,276865.4686
394429,206,Burlington,msa,VT,267907.1263,270141.6711,270794.2521,272629.4522,273711.7536,273596.1838,276108.1338,277411.2686,281724.9984,286460.9835,289415.4402,291470.0606,294989.6664,298663.2524,300996.8591,304321.6637,305321.7708,307003.9701,308687.3492,311659.4681,317374.2629,322810.0106,326716.0274,337212.7459
395030,207,Rochester,msa,MN,171513.5355,172509.9842,175728.8629,179604.1123,182652.3103,185436.1583,189726.9736,193784.4525,197190.6034,201319.7466,206519.6318,209610.379,213691.2396,217045.4501,219824.9953,222940.1095,225253.3502,228725.4934,231155.862,232832.1985,236123.4359,239801.3799,241451.7705,248250.0378
753895,208,Lafayette,msa,IN,128395.4474,129501.0271,130860.0778,132656.0287,133931.1147,136183.4487,138019.791,140154.3825,142672.4551,144339.8726,147288.8919,149910.7471,151938.0012,154499.665,156610.0807,158553.1747,160617.5195,164543.1072,167655.8432,169974.0284,174201.0968,178337.7505,180812.4754,184878.2303
394848,210,Medford,msa,OR,234753.6388,239741.0175,243919.7019,249030.3919,256209.2643,262152.7769,266676.5118,271987.0456,279691.938,287009.4421,293074.1047,297854.8661,302550.6216,309758.0086,316019.7795,317058.7473,318007.8795,320469.3446,322163.9915,322240.0462,327514.4187,332334.6145,333467.2252,343372.5564
394681,216,Hilton Head Island,msa,SC,258237.5234,262976.5056,267261.1126,272315.5988,278078.5045,281119.0294,283662.3332,284705.4262,286788.4864,288962.9293,290474.3108,291799.2504,294479.2563,297344.8565,300074.2679,301735.1302,303458.21,307917.7917,309529.4529,311646.8085,314863.6929,317342.2379,318328.5516,327923.873
394346,217,Athens,msa,GA,152582.5465,153717.7812,155031.1945,157134.5507,159413.159,161526.1091,163595.6235,164956.9487,166318.9451,169593.814,173408.3714,177766.8373,180808.9771,184620.934,188383.3456,192984.7654,198250.5081,203106.1634,206491.3642,209907.0008,215478.3608,221226.2394,224741.3718,233760.2244
394765,218,Lake Havasu City,msa,AZ,161378.5334,167355.6679,170477.1761,172343.126,176150.2502,180104.1726,180643.5115,181757.5174,184465.9836,187518.4366,191946.6947,195682.0902,200155.867,204594.3367,210432.4968,217030.0721,222837.204,227993.9582,231642.3308,236599.4465,241835.292,244505.2645,249713.0473,264039.5264
394726,224,Johnson City,msa,TN,129803.0825,130872.6441,132483.8405,133846.0347,134742.2493,135713.5791,136243.2882,138425.1958,140596.2727,140105.2378,141273.5968,143677.5338,146023.4925,146164.2025,147520.5297,148598.0413,150192.0584,154305.3076,156508.2192,158478.531,162346.0659,166249.5134,168311.2186,172427.0609
394623,226,Gainesville,msa,GA,165229.8296,167724.7343,171572.3775,175425.6642,180003.8575,182667.9238,185778.4052,188558.7834,192454.3768,195511.8723,198577.3542,202176.6365,205632.5117,208257.2858,211634.6708,215073.2419,218262.0053,222165.9065,224864.8901,227626.1205,231344.0573,235227.2521,236593.9671,245937.1486
395047,233,Saginaw,msa,MI,75293.53209,76148.14786,76886.50807,77806.07926,76956.51319,76545.07651,76455.74544,77450.91372,79414.49,81119.67829,83752.16545,85439.52434,87187.02164,89022.51619,90411.58422,90701.50253,91864.49862,96273.09133,98351.67606,99536.30639,102175.6782,104885.7644,105887.6912,110545.0057
395202,234,Warner Robins,msa,GA,129333.846,128996.4379,129921.0252,131385.8235,132820.6143,133007.9661,132940.1898,133162.8092,134227.8745,134501.3399,135445.4489,137857.698,140541.7243,142225.6761,143944.1565,145951.7275,148613.0108,151641.1798,152484.8549,154080.8235,156308.3453,159503.9858,160586.1082,164267.6792
395162,236,Torrington,msa,CT,215377.5031,216726.5433,217788.2828,218059.1011,219453.0531,218563.1573,221142.2294,221566.2442,222722.4958,223727.6528,226201.8267,228152.449,230679.6666,231434.3833,231309.1334,231435.626,230575.0864,231951.8277,232805.972,233517.5326,235316.2241,238773.8304,240248.629,250961.1545
395009,237,Punta Gorda,msa,FL,153920.7331,156630.5449,161470.3639,167868.9613,172267.3001,175305.0367,179859.377,185143.3333,188227.232,189330.4203,191892.1458,195793.699,200184.7775,202715.1438,204481.4243,207799.8447,210602.4111,213438.0076,213817.7597,216805.5986,220417.1485,222515.308,222906.7016,231105.0863
395018,240,Redding,msa,CA,212936.2292,213980.3848,219109.2809,220785.1358,225025.609,227349.562,227926.4286,230341.1824,234956.8828,239229.2681,243707.5625,247529.4063,252429.2929,256956.3235,259341.103,260489.8774,263100.2229,270519.0162,275110.6834,278199.2331,280968.3653,285197.7744,286368.6864,295308.1306
394748,241,Kingston,msa,NY,191904.6971,191974.5863,193555.5707,197837.5597,197651.115,196622.0373,198629.9659,200925.7192,202595.9639,204212.8844,208074.9052,212292.1741,214968.8139,216703.5419,222306.0613,227729.1418,227877.9623,228562.9007,230967.8155,235686.3291,239055.006,243069.1544,245313.3112,259860.9895
394960,242,Panama City,msa,FL,166581.9623,169458.2064,172269.213,175242.7217,177755.4097,179394.959,182131.6439,184399.2802,183191.5186,184646.1619,190073.8742,194787.8449,196028.1199,199697.8654,206261.5593,212395.5748,216263.8656,210739.873,212720.9353,217036.1525,225258.2279,234829.8333,236747.9458,243709.992
394712,246,Jackson,msa,TN,102676.0968,104083.9838,105421.7043,105988.6667,107691.5319,108305.7404,107827.8693,108258.7006,109954.7749,109845.1903,111608.2953,113662.4461,115600.3515,116093.1791,117446.3376,118996.7937,120022.1771,122782.1387,126937.7861,130986.6885,134303.2389,136215.0315,139131.7095,143748.6438
394406,248,Bowling Green,msa,KY,124547.2255,126741.709,129165.4877,131799.5011,134031.7094,136234.3065,137831.4614,138982.2686,141164.005,144016.6643,146898.7017,149319.3208,152226.6096,153349.0549,155578.3757,157751.6346,159500.9821,160259.8814,162518.9548,165082.3518,168066.3842,170380.6912,172727.9818,178616.5936
394896,250,Muskegon,msa,MI,92360.2682,94062.05863,96860.74242,99134.33964,101471.8317,104118.6702,106597.662,109170.9524,112616.1063,115362.2313,119412.5044,122527.8176,125085.4108,128708.7837,132436.0583,133886.1627,135725.4165,139549.1574,142441.6394,145311.6401,149602.3087,153313.9231,154315.1842,161394.949
753869,255,Bloomington,msa,IL,167374.2895,165053.3386,166940.6513,168594.4426,169982.1518,169866.8774,169026.6554,168392.5509,168827.9287,168877.2962,167820.9586,167603.7662,168882.9294,168618.6502,169115.0019,168785.5826,167750.0652,168036.1422,167151.6535,167852.6085,168998.5147,170715.8606,172610.7124,174421.2966
395007,264,Pueblo,msa,CO,124705.2993,127121.9738,129775.1113,132963.2827,136173.9113,139125.3756,142388.4165,145683.8106,149767.9991,152620.3741,155193.2024,159291.1998,164451.9375,169132.9775,174043.913,178273.4362,181902.6752,186067.9352,190404.7016,194630.8152,199376.2347,204555.8948,210069.3323,221214.7691
394392,265,Blacksburg,msa,VA,157623.1235,157719.5743,160755.962,162852.1184,163457.6597,164526.0905,164595.0713,165868.194,167232.1998,167558.0255,168993.86,170719.6309,172503.4075,175526.7837,177118.2746,178871.6012,179886.5243,183386.8691,186236.4008,188530.4094,192445.5482,195749.5138,198620.3153,206090.2396
394731,267,Kahului,msa,HI,514417.9448,520547.3644,534475.2124,544937.0178,551796.7923,551981.4001,565535.26,568396.2251,572489.4673,576665.9812,592983.8624,601211.4327,607215.3837,610556.6046,623114.8335,630959.4686,635120.8387,638638.6316,650808.8493,654155.7362,663855.4645,675218.5903,678403.856,698631.3785
395079,274,Sebastian,msa,FL,160535.2381,164140.9663,167515.5685,173535.8676,177683.1548,181882.3035,186013.9047,190895.7366,195587.0889,201018.3493,205138.8021,209919.11,215044.1103,219343.8611,222942.0373,226204.2435,229022.515,231425.9253,232811.6303,233740.8495,237713.8254,240083.9598,240406.215,246985.8301
395193,278,Vineland,msa,NJ,144007.725,143041.43,145564.493,147334.0646,147971.9066,147612.3834,147058.3463,147456.1024,148191.3461,148001.9844,147339.6627,148366.3692,147401.3155,145540.1805,143853.7149,146077.5581,146878.5212,151751.208,151686.375,151092.2093,155401.7028,161063.5599,163339.6603,165110.6061
394703,279,Idaho Falls,msa,ID,154559.1133,157081.9215,159383.0195,163655.5054,166683.5126,171600.3251,176226.2432,179460.6395,183801.1528,188221.1881,191753.4264,194568.494,198634.5579,205438.2949,212068.7169,217185.4213,221708.9951,225673.3881,233528.6262,240866.5544,249188.2639,259320.9794,266113.2674,278932.2202
394639,280,Grand Junction,msa,CO,194906.9206,198460.2534,201297.7587,203778.225,206739.3487,210473.657,212686.9266,214009.3043,216676.5691,220022.2392,224582.6404,229056.3307,233449.6673,238546.4856,243868.2682,249549.6836,253153.3673,258379.125,264329.1803,267645.1925,273119.0754,278802.9018,282683.4372,291334.4409
394917,282,Niles,msa,MI,140177.1084,141399.8128,143212.3258,145048.8229,145700.114,145082.4012,145555.6902,147846.5173,149504.657,151603.6231,153136.4442,154352.7923,156901.0473,159399.3443,161143.0055,162137.632,164211.0908,168398.3259,168706.8864,169263.7295,172375.2222,176629.5793,177151.7478,184927.4008
394873,283,Monroe,msa,MI,144587.9724,147896.9002,150558.5284,153749.3447,155828.5787,157142.8027,157622.7638,159170.1931,160815.2635,164088.9823,166230.5204,166820.5267,168079.8854,170195.7288,172124.0163,176136.0799,177324.7382,181625.6125,182091.1464,181109.1362,183255.9984,185708.67,187284.385,193213.4132
394493,285,Concord,msa,NH,208813.6885,210971.2649,214108.6315,216772.2635,218134.9395,217924.5525,222007.7818,223306.211,225975.993,231075.6904,236286.868,239371.0704,242678.9809,248020.756,253377.3723,255155.1542,255714.0476,258732.1868,262878.8124,266221.5364,270700.4855,276762.4808,280814.8848,293054.2775
395163,287,Traverse City,msa,MI,190538.4671,193159.5962,193191.5982,196231.4908,200667.1449,203023.1961,203857.4894,204494.4144,208519.6823,213877.9113,216971.3312,219791.1485,223659.7082,227160.9829,230774.6516,233715.1964,236323.683,238757.9902,240383.4497,242692.6866,247392.8396,253176.5769,250436.5894,260369.955
394359,288,Bangor,msa,ME,136175.7249,136690.1197,139131.2046,139661.2951,138620.677,138816.5917,139757.6318,140691.2637,141818.6988,142726.3376,144430.1883,145632.3834,147802.6604,151289.0186,152931.0668,155915.7935,157682.1149,156917.8921,157568.8325,159687.1037,162184.0594,165245.711,168394.9076,177253.0949
394685,289,Homosassa Springs,msa,FL,109777.4171,111813.4807,115277.9655,118320.5547,121522.4362,124700.1078,127346.495,130259.0287,133544.2853,136124.2043,139807.5059,143551.5562,147005.2538,152336.5957,155636.5684,158929.7341,161095.691,161939.5924,162365.8087,164498.6779,168705.2905,171787.0506,173330.5304,180879.8566
394802,294,London,msa,KY,86696.86664,87415.711,89862.14566,91699.01735,93189.51061,93993.54697,94341.59513,95505.36865,96080.25573,97191.15451,98559.76681,100053.1663,99707.25896,101988.9536,103140.2583,103680.0817,104236.2635,104711.4108,105746.6199,106284.8026,107951.0378,109789.3011,112015.0067,117300.8669
394595,302,Flagstaff,msa,AZ,275893.3554,282688.5398,288237.0563,292941.7294,297507.5308,301810.3351,306551.9277,312905.361,318684.2365,329967.7903,334427.4629,336845.3708,340116.3009,347380.1687,353498.6655,354713.4054,357754.9219,366227.7324,368936.9434,372492.2771,379252.6599,389981.1755,390844.0167,405809.4652
395036,303,Rocky Mount,msa,NC,97187.45471,97248.50633,98793.12026,98563.99881,99522.76863,99935.47974,98499.73353,99180.70535,101124.6973,102497.9754,103187.5738,104815.5276,105972.7534,107460.8815,108321.5696,109989.7565,112134.1554,113352.6397,113674.7578,114938.1718,117883.5441,120401.0362,122981.7737,129563.2185
395232,308,Winchester,msa,VA,203853.3546,205497.0142,209637.7431,212153.7536,213728.6646,215797.4726,217466.8392,219705.4887,222661.6731,225803.1068,228986.2612,231513.819,234018.4558,237075.8308,239008.1613,240034.4665,241483.4115,247041.3949,249769.4309,251594.5524,254319.439,258382.7929,259340.811,267340.785
395221,309,Wheeling,msa,OH,98235.32963,101149.849,103596.588,103925.7958,104587.9389,104328.1272,103386.0987,103752.2158,104007.3026,103692.1933,103730.4413,104312.994,105744.6066,107989.0109,109997.4937,111873.2337,112914.7819,112227.5714,113031.6467,113898.006,114378.38,116614.7067,119201.1728,123945.7926
394900,312,Napa,msa,CA,523598.0309,537151.5876,547032.3992,561014.4856,582544.4409,596612.6433,602699.3945,606814.3361,624036.596,634433.7874,643400.1724,647579.7554,661848.1233,670360.485,678953.2231,681337.6658,687242.3879,691406.089,694879.8353,699383.3299,701456.5013,710403.946,706078.0104,724542.066
395117,316,Springfield,msa,OH,90477.66874,90011.7798,91479.25522,92031.97452,93050.24979,93954.71767,94652.05778,96644.56426,98746.93705,99613.54388,100297.6336,102123.5391,104023.8585,105454.3823,107477.2252,108867.1278,111123.7002,113316.3199,114214.1789,115889.9246,118427.3042,121255.2352,123021.9491,128282.2252
394368,318,Battle Creek,msa,MI,84563.09642,85179.1675,87041.85744,88065.94006,89785.66825,91990.25813,92393.4991,93907.36302,96964.18253,98844.17736,99295.84027,101942.2176,102870.3645,102480.9014,100762.3149,105584.6833,109313.7474,113137.9434,116563.4486,118533.8802,121807.4694,122505.4495,124433.4268,130624.6486
394728,323,Jonesboro,msa,AR,117580.4573,117885.7999,118579.2245,120016.1556,120986.7795,121700.1757,122334.7745,123976.9068,124442.6636,124859.4299,125951.2663,127332.546,129015.3996,130532.345,131709.2704,132588.8927,133506.0578,135833.0674,138328.7227,139192.1589,140470.2863,141783.4418,144870.2027,148865.4716
394983,326,Pittsfield,msa,MA,199657.0422,199836.2791,201251.9272,203623.9618,206218.7062,206139.0884,206443.8827,207010.6239,208295.3172,208552.4879,210660.485,212824.6846,215153.8785,217192.6728,217968.7654,221575.8104,222243.8597,223373.3585,226854.7866,228974.6292,232059.2576,235035.8197,237307.0351,246801.507
394890,327,Mount Vernon,msa,WA,241309.3797,246234.4816,253369.3268,261746.4601,270535.4502,278365.616,284827.1961,291066.5795,298249.6196,306813.2337,314634.5084,322253.2702,329209.9348,338726.251,348278.8447,355323.4186,359236.6499,364684.6756,369694.8269,376797.5104,385564.3884,396095.7144,403093.6992,422391.1751
394719,328,Jamestown,msa,NY,84847.68412,85149.9093,86736.82271,87668.42691,88812.40317,88830.28473,90005.97306,91061.88972,91991.8215,91817.08174,91984.39795,93467.74366,94118.9268,94354.59335,95240.16645,97087.67778,97018.79045,98353.81319,99932.29892,102693.3819,104674.1658,105747.3678,108083.1349,113525.1112
395153,329,The Villages,msa,FL,251639.2418,254565.4666,256217.8225,257374.076,254757.9992,252031.9981,251563.9643,251803.9868,252854.8334,254447.0346,255238.0364,256951.5065,259717.4476,263472.7967,267221.3653,272487.7437,277486.4455,281909.7119,284560.8605,288304.5069,291365.4336,293833.4535,295455.2443,300381.0696
394474,334,Cleveland,msa,TN,134576.913,135979.035,138394.8897,141124.8591,142657.9774,144269.0147,145923.0446,148676.3849,151693.3929,153395.6652,154518.5399,156961.0729,159655.487,163270.2714,165410.2513,167747.9355,169314.2528,172161.1905,175059.0078,177562.4029,181900.833,185200.8026,188772.0414,196503.3644
394353,339,Augusta,msa,ME,137978.8048,137982.532,141324.0048,143258.7346,143544.5855,144314.3796,145113.649,145684.4052,147635.9212,149617.4646,152005.2916,153643.4751,155214.8255,157829.3812,160296.4339,163057.2344,164300.1358,167165.9105,168498.9081,171637.4231,175453.1682,178647.149,183291.6133,194104.6227
394321,340,Altoona,msa,PA,132554.6817,131546.2596,135374.5223,137440.4625,138429.9986,139108.5283,141543.799,141104.3625,142415.2228,146844.1003,149784.1468,149500.5876,146815.509,147334.7351,145721.308,144249.9299,146107.352,144779.6109,146591.0575,151358.856,154478.2825,158682.4792,157683.2005,162559.1508
394905,341,New Bern,msa,NC,132608.0934,131831.3125,132529.1446,133521.0535,133972.1708,134430.0416,135408.0288,137416.3651,138771.7122,139840.7098,139952.1448,141464.1195,143300.3871,145134.2984,146449.3864,147826.7418,149369.986,150674.1407,153000.1492,155274.2345,158563.6201,160793.5351,162206.3321,167271.3255
394635,350,Goldsboro,msa,NC,101848.6213,101977.5638,103493.8027,104896.3374,107644.3535,108101.7403,107946.7967,109165.9042,111533.3932,112266.716,112603.3123,114766.2098,115888.8038,115838.9039,117724.0773,119687.5896,120865.3106,121727.9965,122734.2591,121307.075,123755.9716,127609.8669,130452.3126,134468.3854
394423,360,Brunswick,msa,GA,146322.9637,148451.0212,151314.7983,153851.8849,154319.203,155309.866,158145.2145,158247.2213,155817.5592,158612.9836,162180.0668,167756.1264,172955.4649,174568.1215,176355.7188,180679.919,185361.747,187632.9019,187813.391,189772.4675,193283.2769,196572.8364,197527.0162,204074.6223
753872,361,California,msa,MD,282667.2576,280664.1201,282733.8062,283964.175,285002.1231,281323.8138,281423.0215,279990.6516,283033.1066,286601.0583,290349.415,292480.7653,294686.4884,294831.0865,296826.083,299265.0041,300580.4702,304348.7143,306357.4326,309301.7453,314008.2624,318297.2051,319964.6755,329897.7203
394495,363,Cookeville,msa,TN,129766.563,130082.7457,131876.6688,134796.1969,137230.7642,139471.6275,140121.4154,142997.1391,146058.772,146812.5577,148214.9011,151876.4492,154953.6847,158109.9972,160665.5713,163767.0177,166135.0734,170076.0688,174190.8924,178177.0305,184110.291,185796.1008,189875.1203,195960.5626
395039,366,Roseburg,msa,OR,159611.578,161898.7517,165834.1491,169934.4222,172998.2448,174867.5208,177031.4508,179690.3932,182690.7693,187019.8723,191226.261,196548.6017,201264.9622,206466.912,208841.7109,211501.248,214052.8771,216397.4595,219883.9285,224513.7228,230013.8989,235449.4348,238391.8408,247149.5199
394788,367,Lewiston,msa,ME,136531.6062,136628.5952,139375.6416,141414.1634,142295.981,143274.0371,144721.3357,147090.2893,150484.5489,152909.5227,157494.7098,160157.3282,163780.3072,166128.8084,168534.422,171371.7274,173454.3257,176392.1493,178258.1701,181457.7978,185161.698,190545.9351,195177.7016,205945.8591
394932,369,Ogdensburg,msa,NY,86531.45309,85664.17402,87087.17345,89586.75553,90059.63857,89557.51585,89460.23106,90125.71657,91982.07572,91201.14575,90167.77973,90330.9615,91044.71593,91028.96712,92867.36441,94864.82617,94501.40833,95659.82629,96736.57905,98281.99304,99340.22875,98602.33998,99437.94669,103552.2815
394396,371,Bluefield,msa,VA,82210.67818,82868.8786,84420.78304,85878.81138,86966.88235,86172.45938,85234.13981,85564.26452,84975.44465,85288.5165,84645.06454,84960.61247,84614.37605,85114.75432,85377.64585,85858.80795,86098.6389,86847.21637,87324.21665,87264.22652,87777.40416,88704.70657,89241.1301,93979.85502
395095,372,Show Low,msa,AZ,169721.7811,173265.5741,176238.8937,177818.3278,179489.8803,182972.5899,184826.6447,186354.2633,189135.113,192292.4373,196018.9894,199791.5308,202574.1775,205581.2346,208521.0309,213084.1388,217268.1451,224488.5787,228467.4043,231763.8737,236353.7096,243223.7747,247943.2835,260620.7797
395168,374,Tullahoma,msa,TN,124226.5423,126227.2917,129383.6287,132723.5781,135779.7553,137114.1609,138387.9049,141451.9839,145480.4887,146719.1743,148656.6383,152259.1433,155526.1107,157873.1361,159438.6904,162074.5254,165252.7505,171792.9469,175842.717,179918.0283,183752.0388,186857.8519,189774.3256,196129.345
394709,376,Ithaca,msa,NY,195888.4954,198591.4161,199581.1855,203974.7767,205986.7024,205366.1127,205880.6404,209156.3929,212543.4463,214322.9342,217920.599,219296.3143,220892.2361,222649.7229,223693.7331,224808.9902,224998.5811,224533.145,223240.5343,224985.6097,228287.3411,230371.3936,231465.3285,238498.0246
394369,380,Bay City,msa,MI,88927.78648,89048.40273,91476.96093,92711.45299,93171.90023,93674.35798,94425.7732,94372.70004,93878.76856,94229.459,95697.88549,97108.71016,98758.0163,99867.10359,100447.7656,100214.8315,101332.9684,105372.3786,108720.9326,111190.1658,114191.9697,116433.7594,117996.0935,121813.4824
394518,385,Danville,msa,VA,87477.95762,85214.016,87897.81811,89027.10814,89514.32595,90825.92387,89690.30258,89986.72376,90721.29685,90411.518,90371.37558,90588.81681,91244.49041,91638.10172,91286.09213,91751.87205,92154.2351,94888.59634,96368.03599,97789.67162,98631.10319,99397.15296,100593.8021,105408.1015
394689,392,Hot Springs,msa,AR,127378.4865,127504.6578,128883.3836,130749.8971,130901.765,131180.65,131485.3174,132672.3637,133288.1821,133716.4105,134543.8933,135168.0136,137092.891,138745.5742,140510.808,142093.9436,143829.5852,145557.5713,147328.0148,148949.5499,152007.4294,155571.3387,157265.0252,162881.4999
394302,393,Adrian,msa,MI,110543.2553,111239.9202,114552.4661,117551.0614,119197.2725,120572.9577,122257.9416,125068.0195,128675.7483,132298.5695,134636.814,137200.5512,140796.7461,143996.0475,144677.4292,145017.367,146687.3574,150833.4987,153149.5653,152928.0754,155995.1026,159686.668,160382.4525,165190.4212
395086,402,Sevierville,msa,TN,159903.8492,161921.0332,165668.4046,168487.3657,173199.4383,176064.5179,177864.5967,181326.59,186578.8093,190242.8801,193381.8361,197519.5481,202927.1193,208649.2606,212289.2909,216703.3582,219350.9089,224458.0325,230779.7834,238477.1394,247805.8811,254578.0894,258628.6498,270078.34
394340,404,Ashtabula,msa,OH,93729.41024,92586.37103,92870.31062,93706.6789,93254.68308,95275.5642,96583.74862,97141.98259,97043.83039,97237.22885,98222.85691,100150.5602,101342.0339,102532.3931,104254.8414,104906.0118,106806.6701,109579.8673,109950.7862,110644.3507,113243.31,114637.806,116507.1351,123596.5525
394928,410,Ocean City,msa,NJ,366725.4103,362360.5747,361672.0337,367626.2937,372443.6288,373234.2771,372935.751,374073.6039,379739.6839,381187.6195,386705.3149,389915.7861,393528.68,395742.2205,400765.5038,405367.8897,409348.4925,414605.9559,417604.6683,422956.3968,429127.7203,440683.6291,446634.5953,459767.4499
394501,413,Corning,msa,NY,100144.2085,99851.02818,101320.0449,102351.5331,101836.1767,101254.3435,102149.7213,103031.8293,102936.6604,103103.0815,104624.0589,106484.6998,107570.0883,108310.5222,110593.4874,112508.1724,112429.3577,113478.5326,114474.3872,116224.4524,117421.9181,118871.5,120388.4777,124934.1216
394469,418,Clarksburg,msa,WV,102356.2411,104155.6523,106137.2602,108815.9937,110706.4614,110724.1572,111086.6236,112342.9166,113026.2289,113966.6835,116676.6191,117274.561,117591.3964,120803.7456,122465.9307,121667.5886,121180.609,122669.2986,123470.4692,122823.7661,122472.7915,125153.8104,127891.5646,130696.5058
394980,421,Pine Bluff,msa,AR,61599.08835,62515.8008,63976.62336,65683.67222,67247.13537,68905.44807,68791.10656,69752.57033,71766.23155,72966.0946,72990.03913,73394.99914,73421.97097,73005.23936,73037.22141,73470.99544,74244.94157,75630.26476,78249.78224,78366.28543,78349.1471,80345.89225,82391.85177,86512.49161
394809,425,Lufkin,msa,TX,115707.1885,116336.64,116113.0717,117016.027,117037.491,117780.8847,119425.6444,121080.1889,121593.5099,121927.2013,122503.5655,123313.4564,122982.0207,122948.6578,125149.6234,125713.2034,129782.9015,133814.9413,138070.3616,142260.9808,144970.5149,147785.2566,149751.9584,154690.0252
395248,426,Zanesville,msa,OH,92903.33725,93597.72048,95222.77277,97820.71399,99365.19687,100598.3022,101657.6227,102890.8725,104604.4345,106162.8684,107942.5654,108366.031,110793.6443,112002.5994,112974.1068,114888.4037,117688.2306,121592.6026,122623.7835,123518.1263,125562.8087,127818.7397,129422.3297,134880.3535
394847,431,Meadville,msa,PA,103433.3492,102576.2191,104447.8587,106130.6292,105798.6993,105231.8636,105599.6607,107103.5626,108922.1336,110652.7803,110546.96,113026.5738,116517.6497,120866.5968,121355.969,119757.9095,117744.2942,117972.2375,122098.1588,122829.2484,124929.7144,125590.6999,126185.8217,133074.4294
395042,435,Russellville,msa,AR,113786.6248,114982.3561,117429.121,120301.9781,123036.9641,123446.4061,125119.1023,126221.9772,127734.2888,128366.6115,128741.1336,129197.8144,130827.7485,133340.2084,134237.5788,134344.495,134336.4609,135225.8554,135957.655,137120.2137,138689.1519,139666.5459,144340.4031,149093.1247
394859,437,Midland,msa,MI,121073.8949,124258.1196,124716.2697,128392.6868,129261.6395,128786.4938,128730.6241,129532.7348,130746.1053,130939.0035,131384.341,132394.0566,134629.1444,137325.9251,137189.573,135386.1395,135092.191,141122.0844,150167.388,151993.4052,153291.3029,154537.6625,155797.661,161911.6797
394395,439,Bloomsburg,msa,PA,164328.9282,164661.8909,165911.0028,169200.2881,170986.9982,171207.4835,172248.5999,173223.8682,173100.0411,172489.5015,173418.0512,174607.3716,175976.2607,177507.6809,179542.5658,179699.6908,178413.2605,183553.8628,186830.6992,191617.0084,195670.8206,198236.6118,199337.1844,204971.4061
395133,444,Stillwater,msa,OK,134941.4388,136786.2588,138504.9323,140329.9101,141201.1455,143638.7969,144620.8384,144627.6341,144464.1428,145677.9265,146086.7662,147504.4444,149884.4282,152067.5517,152947.6834,153889.3983,155549.0594,157974.065,159605.6585,161157.9402,164055.9709,165916.4684,167237.2706,171473.0678
394541,450,DuBois,msa,PA,91617.86177,92692.16209,96569.74748,97756.567,97887.35496,95194.04372,94562.26432,98068.03942,101830.9146,107284.2,111964.0692,116392.1119,116440.8872,115497.2879,112700.894,110538.3527,109482.0973,110734.9654,112900.9519,112725.6643,115730.4019,115416.6861,118626.4638,123868.6465
753881,456,Glenwood Springs,msa,CO,418112.6807,431707.2738,443679.7162,451852.5593,458453.2332,465846.5778,467701.3349,471305.0327,477750.8226,487497.7524,492159.8487,497172.9535,503759.3937,512848.2581,521287.086,528284.7757,532523.0484,534446.4828,536074.1943,539034.6932,545471.0686,554653.4895,553835.0712,570917.8784
394465,460,Chillicothe,msa,OH,107760.8324,108453.9052,111707.409,113620.5476,115627.6187,117232.4973,117989.3095,117980.9349,118779.6422,117755.2085,116914.3055,117961.3403,118267.9194,119538.8733,123171.7599,126273.5867,127729.0495,130866.4677,132186.139,134066.3162,137055.0524,140695.2557,142968.0406,149062.7611
394738,466,Keene,msa,NH,171254.0108,173259.2815,175002.244,177431.4612,177288.9774,176843.431,178286.518,179148.8297,180806.3421,182351.1141,185652.0839,188067.0884,191395.4411,194558.1914,197091.222,199203.3128,200079.9481,203026.08,205833.6536,209944.1407,212567.6186,215870.7247,219631.4757,231342.8556
394593,470,Findlay,msa,OH,128779.7765,130049.5712,133403.8724,135976.2619,137139.2076,138198.6184,139974.8032,141045.6958,142949.5775,143580.2379,147055.351,148725.3711,149617.7715,151655.1808,154284.6858,155683.7054,156393.1545,157878.7588,158541.3852,159115.2105,163052.1716,166848.3216,168336.937,174382.0009
394614,471,Frankfort,msa,KY,124439.2361,126528.1592,130361.5452,131860.7813,132760.7055,133954.7943,134449.8785,135617.9023,136653.0039,137324.8113,138447.8138,140385.1251,142023.1004,144243.6963,145139.6403,145888.2866,144751.7843,145850.0394,146316.266,148230.1248,152363.9611,156923.8947,160017.391,167509.8203
394516,472,Danville,msa,IL,63564.88954,63448.35398,65126.37164,66211.75981,67114.51433,67888.74027,67418.9638,67182.29233,67216.27248,67419.12865,66817.47619,66992.42752,67077.3861,66303.56941,66445.29736,66223.80002,66956.83207,68364.60574,68257.13531,67163.77912,67973.39629,68054.99517,66840.98483,70597.72857
394736,478,Kapaa,msa,HI,470801.7219,482359.1861,492326.8098,502782.8212,509926.1457,513255.4853,514484.3472,519275.4919,527064.3353,531507.6238,539936.9719,549367.0281,553095.1111,562031.1754,574085.1586,582032.7344,592947.4448,595807.5134,597202.1147,600643.0577,610654.4397,625978.1019,632755.3896,652436.2043
395088,482,Shawnee,msa,OK,89870.09313,90655.66107,92708.60537,93263.08546,93433.41595,94120.00706,94100.23149,94173.97483,95644.89364,95720.83227,96290.72756,97642.38552,98417.45159,99701.19197,99970.56759,100412.599,100465.2532,101208.3648,105381.4106,108793.7359,113876.5,119319.8887,119340.4159,122808.1159
394647,486,Greeneville,msa,TN,104054.0378,107230.3925,110249.0733,112024.3933,113113.2735,114370.6685,114883.6752,116415.8581,119076.5289,119838.7198,120594.0517,122035.7539,123229.8667,125475.5431,126697.2681,127733.7808,129605.763,137087.8827,138506.7997,140086.0532,142284.3851,145195.7751,146763.435,151589.0467
394655,488,Greenwood,msa,SC,83796.24207,84101.59408,87440.22081,89705.44662,92472.54079,92726.31258,92844.22092,92896.74119,93447.76106,92569.89601,92542.8616,93073.08381,94417.66224,96681.79377,97781.0218,98883.74462,99178.13376,102684.705,105324.0689,107440.3958,109422.3149,111411.5607,113535.4285,118402.5895
394752,490,Klamath Falls,msa,OR,131592.8181,132730.1627,133586.1918,137453.044,141652.2304,144142.5087,143487.1965,145702.5797,147579.2508,150026.9329,150529.3803,153456.3999,157875.6652,163065.9125,165769.1644,169721.5537,172111.7789,175195.0202,176718.0668,179611.5568,183607.0596,187278.6243,190566.2767,198755.1883
394877,491,Morehead City,msa,NC,232324.8599,233238.2256,236108.3804,238871.0559,241243.1907,243688.9047,246895.7127,248802.1281,250820.3841,251782.2046,254896.2263,256690.6669,259186.9698,261770.4303,264891.0276,267434.9974,269506.0392,271719.5152,275010.7846,277715.4763,281863.5627,284888.2346,286651.9999,298471.6096
395027,494,Roanoke Rapids,msa,NC,60533.10885,60345.52182,60633.68469,60689.20496,61959.39231,61198.62964,61432.20406,60860.57372,60271.93657,61015.61652,61224.84753,62825.99218,64069.67387,65406.6045,65829.30217,65963.65626,66936.51355,67837.92497,67966.9471,68207.641,68974.26564,69953.902,70838.51541,76610.61645
394922,501,North Wilkesboro,msa,NC,116707.1795,117844.4523,123988.7742,125764.3475,127864.1742,129239.9975,128288.0863,126387.1854,127570.0847,126114.0612,125895.301,127141.4845,130713.5068,130263.188,128667.8893,129648.4991,132733.9257,140714.4536,145138.6152,146053.2571,148821.9808,151954.769,152822.7331,159832.9697
394825,507,Marinette,msa,WI,94492.82159,95415.40439,96821.43443,98613.8087,99843.42384,101062.3837,101329.5131,99635.26658,99528.8873,99863.72709,101808.0868,104098.5735,105748.1625,106682.5113,107782.4096,109378.2962,109501.1206,110964.5275,111976.0421,114289.0649,118055.0752,118563.6604,119801.8031,126341.8943
394540,511,Dublin,msa,GA,87112.82356,87669.5537,89982.43676,92439.71921,93746.15168,93583.50733,94312.27629,94708.59355,95644.08068,96549.19152,98046.60816,99805.58565,102340.0125,103289.5942,103993.5591,105672.6572,106434.1271,109450.3811,111916.2998,114156.7302,114830.1062,117707.8401,118820.1787,124208.3977
395105,513,Somerset,msa,KY,79617.18558,82227.94802,87967.74731,92888.59656,95974.71093,96872.59054,99219.21276,101854.8927,103678.5129,106175.2411,108498.008,111756.2882,113723.2015,115936.705,120471.9143,124783.4108,129355.7319,132093.8405,135347.9894,141060.5453,147001.9379,152678.8959,159163.7458,167705.4648
394759,519,Laconia,msa,NH,203289.6059,204511.6227,207232.4323,211062.0636,212721.122,212101.561,213663.3282,215022.4016,219714.5137,222782.3933,227279.2053,230970.5888,235118.9915,238973.4905,245000.7824,248992.1435,249903.6224,253883.5855,257693.412,261776.3407,266524.5355,271704.5352,274933.9117,287770.9098
394693,528,Hudson,msa,NY,220722.698,222468.6642,225263.35,228773.0477,228630.197,229030.9097,229752.0629,231642.7122,232857.528,233944.2907,237902.3593,241435.0129,242609.4909,245339.1902,249337.9618,252168.8548,252718.1057,252564.2648,253614.8548,256347.3237,262032.7363,266145.8667,267943.4572,282459.9585
753903,538,Marietta,msa,OH,120301.1852,121910.5162,125230.195,128085.7297,128955.5522,129546.7816,130973.0665,132031.1154,132565.1706,132474.0202,134598.5293,135994.5419,137043.7264,137769.8009,138312.7457,138750.8188,140826.7004,143117.208,143072.7248,143641.1827,147412.9988,149843.0598,151957.1775,157466.2283
394618,541,Fremont,msa,OH,100264.6583,100365.5058,102304.5931,103567.4806,103327.2619,103809.3385,104446.5916,104623.9836,105920.3404,106487.8589,107386.6708,108760.8546,109749.5646,110979.6075,113241.1583,114800.4093,117424.9746,118430.0755,118584.7554,118404.7303,118805.3439,120100.5679,121831.9057,127630.7566
394939,542,Oneonta,msa,NY,125105.5538,125476.8433,127537.6299,129156.6099,129563.3632,129353.6729,130459.4337,131489.4807,133333.7505,133745.224,133760.1864,134961.6136,137094.6503,137060.4891,138722.9826,139500.5602,140416.7301,142685.3786,142854.4883,145394.7714,148053.707,148497.4477,148755.4799,154818.4598
394365,545,Batavia,msa,NY,110010.5689,111456.7673,113064.8661,114386.7674,115075.9043,115696.3118,116323.7559,117852.8512,120063.6899,120930.321,121615.8502,123281.0784,124818.712,125886.8758,127513.3782,129399.3835,129588.5694,131086.0836,132881.2283,135414.3535,137447.6951,139206.5811,143054.2009,149693.5017
394336,546,Ardmore,msa,OK,93277.41288,94868.61863,96311.6393,97206.60303,96025.39052,96963.94753,98447.21824,98982.4317,100340.1361,101270.0058,100954.058,102102.5422,104274.9662,105518.2878,105047.4318,106352.8219,107928.4307,109063.0432,109844.4591,110251.037,114197.3172,117010.327,117955.7929,122179.3289
394444,551,Carson City,msa,NV,195867.2301,200601.2623,209629.5031,219689.9325,229519.6026,238303.4496,245480.144,251579.5828,258773.0354,269056.6622,272412.7925,278917.2473,286874.1868,296059.3289,304141.6417,310086.1107,315687.6669,324169.5179,328288.0178,332468.0942,335466.124,341588.6942,340111.0523,351063.8724
394940,557,Ontario,msa,OR,130428.1053,132700.9057,135088.7222,137586.6758,138989.8473,142165.4296,143916.1737,145913.9228,149337.0722,152083.1738,154837.4398,157631.501,161309.6368,165784.7982,168902.709,174787.4866,180379.7397,185329.5237,190313.2947,195702.3789,202898.273,209843.7762,216349.6389,229750.869
395216,563,Waycross,msa,GA,71747.75642,70531.19446,71747.23328,73593.92602,75086.73788,75327.42852,75141.78454,74350.24072,75420.99548,76710.20609,77524.07073,79084.53818,79907.06028,81610.30241,83046.12733,84401.62278,86101.68052,88029.78234,90304.05539,91585.40132,91806.90958,93168.41672,95416.00206,101098.6957
395157,570,Tiffin,msa,OH,89974.86175,91537.52647,94813.96998,97112.99961,98313.55545,97826.39634,97456.74078,97798.52389,100013.0524,100587.3879,101359.7596,103681.6649,105376.6926,106022.7579,106937.7134,108509.5666,109551.6849,110267.211,110257.2937,110641.3611,112482.6169,114479.5921,115599.2982,121441.8145
394366,571,Batesville,msa,AR,100101.3738,102122.9342,104337.1719,105421.9039,105345.0197,106370.4886,107526.7931,107795.7371,108314.1387,108972.5075,108767.6821,109772.9139,111239.1326,113056.7441,113956.9509,113707.5159,114072.0041,115881.8554,116536.8901,118662.8514,119830.7282,121650.258,124335.7049,127974.7707
394517,574,Danville,msa,KY,102209.2409,103360.7227,104943.327,106998.2385,108263.8419,108843.3191,110285.3127,112396.6994,114766.8315,116634.4834,116894.5626,118272.8197,118731.0367,120707.9162,122956.545,125399.5625,127615.846,129820.7764,130647.6884,131061.174,132941.0994,135750.1432,138385.5004,144059.8476
394634,579,Gloversville,msa,NY,109100.5677,108850.7372,110777.5058,113321.1253,114863.1296,114516.4306,116210.7065,118667.23,122076.4544,123589.9494,124658.9304,126382.0782,126136.0527,126705.5389,127630.4273,129542.2085,129663.0317,130918.0354,131466.6745,132792.6765,136218.8204,138932.7834,139952.6785,145290.9511
394967,583,Payson,msa,AZ,175929.8789,180743.2309,184385.3189,187620.1091,189285.5663,190115.4419,191876.0621,192987.0553,195312.9619,196705.4479,198804.9838,202321.1456,206143.8883,211430.9976,214514.6732,218901.8694,221714.7627,229334.6889,234747.9948,238399.3662,241885.6812,244879.9922,248703.9273,259359.6805
394363,590,Bartlesville,msa,OK,104877.8992,105185.1594,105615.8926,106451.9184,106767.9788,108527.0392,108534.0879,109064.24,107263.1205,107402.7382,107659.5094,109493.3674,112080.5948,113489.2736,111808.287,111039.7423,112583.1268,117095.5797,117878.7687,117049.4049,119250.0342,120575.912,120241.5476,123180.6349
394933,597,Oil City,msa,PA,81760.74843,82549.77694,84976.81526,85692.34069,86154.61587,86144.17204,85933.51505,85539.19459,85350.70006,85467.3247,84810.41129,85812.39461,86207.73429,85705.46583,85979.46593,85941.47232,85608.56187,85987.53235,87198.8617,88984.29871,90481.31154,91976.76747,92560.00686,97613.76431
395091,606,Shelbyville,msa,TN,119612.5725,121468.2714,125702.3984,129029.4977,133774.8072,135889.8477,136851.7565,141583.5295,147707.1513,151599.9451,154628.7995,158876.3592,164339.2107,167588.4034,172130.3401,176551.8786,181538.1152,190037.4546,194222.3238,197521.217,201473.2459,206135.515,207973.8272,210529.1036
394819,621,Malone,msa,NY,100074.5068,101227.3606,103723.6011,105455.8587,105868.8348,104606.8977,104654.0032,104580.3896,106135.1154,106598.3229,107209.5048,109712.1375,111620.4226,111825.874,113357.9475,114984.6433,114788.547,116600.85,116486.461,117880.6766,119207.639,120679.0909,122226.4958,127627.7196
394918,625,Nogales,msa,AZ,122488.6237,125602.9147,129448.263,133109.7341,135287.7715,137444.8054,138330.7118,138352.353,140034.165,142107.4854,142231.9883,144128.7901,146356.6152,150218.5595,151835.0291,153960.6164,156928.325,161916.6858,164137.641,167216.0078,170144.6867,174398.1371,178563.7304,188280.3114
394504,629,Cortland,msa,NY,112735.0907,113122.9302,114677.9913,116688.6888,117507.1882,118571.9075,120448.233,122273.941,123337.0932,122889.7616,123111.09,123685.0743,124802.8582,125760.7134,128804.3061,131073.6991,130739.1067,131249.5929,131349.6457,132290.9161,134340.5707,136422.8188,137696.7304,141756.1925
394887,630,Mount Sterling,msa,KY,97419.88817,99277.84808,101557.5213,103986.9668,107240.2834,109382.0787,110292.4117,110688.9753,109107.1409,106977.6176,108160.4272,111516.6483,114225.2797,115730.8663,114983.7201,115498.6493,117387.1546,121326.8986,122598.6291,123704.7752,126381.3634,129683.7596,131057.6653,136203.5173
394987,635,Plymouth,msa,IN,128294.2963,130112.7119,131631.4357,132586.5886,133852.8333,136431.2607,136266.5639,136619.1381,137465.9614,136540.0948,138918.4777,140828.0228,143253.4397,144458.7922,146790.1238,149420.5149,150165.2104,151230.5027,152814.7842,154882.6145,157162.9798,161044.8915,162651.8861,168167.8076
394883,642,Moultrie,msa,GA,83540.89948,83266.05492,84634.22046,86566.27955,87399.98258,86760.25945,85865.92652,85021.13249,84846.43312,85876.11357,86376.85925,87315.35851,88722.72464,90757.94063,92068.01604,93732.35578,93516.36993,95974.5311,99224.92625,100179.5854,100889.3367,101870.2331,102722.2649,106898.2661
394482,660,Coldwater,msa,MI,115721.0571,114061.8633,115624.0774,119947.1049,123207.5634,122667.8795,123078.8103,123203.3962,124776.4597,126508.2965,128341.6075,129847.9021,132089.4904,134796.7585,138994.4404,140608.1522,142156.1505,150015.0999,154414.9234,150617.0465,152103.0627,151146.055,150909.2597,157057.7645
394842,666,McAlester,msa,OK,85727.3446,85688.52548,86236.13787,87028.31632,87340.44093,88649.61053,88674.07282,88330.86556,85180.71543,85219.46209,85975.29143,86852.87966,89489.87134,90582.34287,91442.05411,91965.07364,92033.94505,92737.59135,94057.07538,95434.55241,100264.8588,103439.3747,103254.5998,106356.5434
395081,674,Sedalia,msa,MO,78871.20871,80811.71864,85049.73205,86039.91168,87251.0929,87764.00594,88341.56958,87805.42221,85975.29165,85535.84189,88353.17021,91565.08891,94819.04775,96019.27302,97244.91489,99496.81226,104805.708,109067.1371,112279.5249,113390.8826,116360.0358,117962.7805,120230.3657,125266.2273
395158,688,Tifton,msa,GA,112595.7942,113080.4256,114432.7496,115321.4098,116143.8465,117085.1396,117588.234,117864.8663,117842.0369,117646.7173,117619.761,118671.0174,120000.1713,122501.2027,124656.1634,125881.7095,127323.0695,129715.5244,132131.2588,133798.9856,135166.706,136434.2053,139481.2448,144524.8633
394354,698,Austin,msa,MN,92822.74819,92841.39704,94647.4396,97316.38916,98490.582,99729.38181,100856.4959,102186.2081,103891.9558,105161.9315,106918.1931,108163.8555,110977.6475,114936.2304,116199.6055,118140.1363,121460.5557,125429.1053,126107.3652,126410.8692,127765.5443,131033.9568,133020.2371,137175.0478
394934,701,Okeechobee,msa,FL,96649.5145,97406.37054,100887.8784,106062.2738,109542.9257,111025.9622,113428.4817,116058.8149,119027.6065,121666.4926,124554.1911,128341.197,132269.6679,137905.2438,141706.9164,146211.8132,149420.1974,153707.3635,156141.3593,158097.1316,161826.0233,164257.1816,165170.2378,171133.0886
394690,702,Houghton,msa,MI,111420.2227,113181.2553,113114.5275,111925.6495,113831.8074,116751.1351,117941.1084,115192.5637,114730.8751,115014.046,117792.432,122135.9118,124783.5751,126042.6763,127251.339,125578.9437,126667.7073,125297.7668,126035.3972,127509.886,126877.6916,131293.7447,130418.2064,130670.6371
394476,704,Clewiston,msa,FL,86612.71434,89246.65518,91694.12703,95514.93249,99702.74094,102605.4418,106148.0536,110173.4173,112801.0164,116862.7399,119765.4454,121924.7319,125915.8667,130356.8198,132872.1984,137364.4772,140268.4151,143598.1676,145681.5075,148708.327,151437.5044,154121.3732,155387.3268,162720.2361
395178,712,Urbana,msa,OH,122533.8951,122907.7419,124385.8721,125836.8475,127162.7256,128699.6682,127770.805,129014.2114,130040.2103,130338.8726,132005.9256,134777.6177,137923.6985,140882.4785,144542.2318,146766.3421,148757.0846,150964.5888,153715.6291,156148.317,158171.8063,160296.6789,164192.1472,170136.7389
394526,716,Defiance,msa,OH,104503.8584,105132.9814,105455.8375,106151.2753,108040.756,109615.8914,110192.1343,111215.7175,112776.9339,112257.8991,112826.5584,114553.2978,116589.9626,118362.5603,120835.1576,122951.6293,123826.0101,125824.3563,126960.0354,127610.5512,128425.4595,130071.5819,131484.4361,136926.8053
395046,718,Safford,msa,AZ,155558.5426,158131.4019,160121.4439,160376.2389,160551.0342,160954.8448,161687.6015,162620.6034,163950.9198,166071.6253,167068.0668,166814.1407,167344.9446,170632.6341,171882.2716,174369.6566,176397.814,182858.3447,187320.2602,192225.9946,198377.8905,203803.3521,207241.1867,214189.0178
394894,734,Murray,msa,KY,55113.62426,55469.42588,56036.87803,56704.39765,56561.54233,55639.38891,57335.15054,59094.95181,60699.78248,61645.75461,63347.92407,66515.59449,68814.42165,72519.1682,75476.79433,78736.43771,79980.13952,79910.83982,78989.24477,77529.9654,84948.95571,92986.97194,98827.02633,105198.6922
394382,736,Bennington,msa,VT,219072.3426,222427.0146,223204.1315,221791.7538,219234.0871,217059.4271,217638.1294,217932.6837,219336.0091,222878.465,225517.4329,229209.4234,231716.7238,233609.048,234009.7925,236347.7879,236785.5101,237706.3396,237088.9843,239042.3421,243709.8796,243244.6517,243849.2629,254246.5218
394992,754,Pontiac,msa,IL,93186.28277,90228.3623,91945.07837,95369.22706,96255.67048,95710.23469,96049.51596,95047.41064,94481.11005,94654.18889,93541.43693,93112.00317,95118.10129,96998.52144,98953.07448,98715.5961,98442.58477,101936.9455,104384.3681,106218.7511,107525.6034,108349.6098,106755.4695,109503.4545
394915,756,Newport,msa,TN,107108.7847,106147.5237,110573.2646,113823.2245,116970.7916,116744.914,117104.7288,119181.5908,123717.5327,124885.7835,127943.1271,132177.6179,134092.9738,134524.9447,133085.8711,133283.7263,134381.6416,144329.9396,148203.8209,150880.1801,155754.1453,160221.1367,161373.8712,163440.4942
394491,780,Columbus,msa,NE,139905.4711,141683.9859,144419.6293,145838.0387,147251.5085,148821.0554,150268.915,151599.2039,153624.107,157440.1147,163330.249,167217.0207,170571.8235,171958.6012,172259.1817,174969.683,177965.8129,181753.6732,184242.2753,186616.3175,189587.7217,189614.3534,191620.6163,199610.9452
394335,782,Arcadia,msa,FL,91428.07211,93907.66093,96288.96378,101085.0987,104727.4198,107922.9798,110179.3336,115674.5682,120356.4462,123659.0818,126139.6729,129260.635,132222.4486,134431.3757,137468.4788,140686.8228,143703.7452,145606.2189,148908.5359,151230.1111,152663.3973,155207.4667,154740.8635,161790.7413
395084,784,Seneca Falls,msa,NY,110920.5308,110128.6396,111492.3597,112316.255,112070.1627,112621.1333,114057.4976,116074.2688,119331.8268,120152.5812,120037.9202,121116.5232,122850.381,123977.4791,125985.4545,127205.8342,126298.6057,128242.8891,129043.4615,130718.6936,131576.5569,133328.2693,134602.7229,139414.7454
753902,789,Malvern,msa,AR,92692.0797,93812.69941,95968.40507,98097.31344,100534.8776,101730.7282,103186.8344,105305.3093,107940.7059,108534.4542,107791.8542,108529.976,109151.02,110403.4721,110355.6793,109340.3191,108865.6939,110099.208,112272.8662,112670.8308,112174.3123,116415.8078,120613.5826,125569.6443
753878,797,Dayton,msa,TN,112618.1297,115749.5795,119711.7469,122592.0572,125126.3913,125946.0815,126752.4338,128107.6173,130330.5734,131273.9491,134465.9643,137034.0681,139582.32,141028.9504,140875.8808,141563.7942,144734.6606,153248.521,158656.5813,162365.5244,166721.5051,169018.8312,170454.2084,172541.0124
753892,798,Jackson,msa,OH,71337.97317,69964.33445,71378.38733,72857.24638,73217.47676,75465.53582,76434.3918,77149.41306,77742.63946,78556.79031,78188.73443,78708.75231,79998.97077,82663.08249,82614.11556,83081.58629,85172.47126,85196.28418,85423.43447,86289.51172,88583.08934,89674.73108,91726.76766,98636.41353
394383,805,Berlin,msa,NH,107834.0643,108080.2664,110515.6034,111962.4846,111870.5184,111208.5075,112695.5054,113585.7336,116187.3196,118504.2729,120211.5313,122760.9466,125515.6975,128041.3038,130316.1018,132853.3747,133973.1944,134387.6914,134754.4957,136921.6208,138628.3923,142812.1811,145401.3632,153269.9194
394855,817,Miami,msa,OK,68441.7277,68851.29228,68766.06952,68284.44463,66775.07251,67224.01072,68360.53034,69315.81067,70075.18835,71744.91572,72691.79568,74620.76086,76701.27704,78608.93564,77619.29167,77466.08577,78386.06715,79734.80816,79489.729,78884.53898,81299.24692,82997.89113,81223.58981,84626.61165
394725,819,Jesup,msa,GA,106639.3173,105736.1223,107924.1588,109614.0701,109011.8731,109093.6446,109615.8207,108771.2326,108719.9834,108877.853,109680.9608,111235.1688,113205.6555,115462.4135,117113.8884,117879.9637,120222.9656,123403.8856,124561.5503,129304.4459,132014.0088,133235.01,136197.0665,143519.0529
395206,825,Washington Court House,msa,OH,109669.1354,110508.7703,112162.6649,113263.232,114814.3567,117064.1974,118158.3587,119958.8086,122190.9954,124087.5609,125242.6843,128808.0543,131586.4561,133676.2739,134524.4604,135345.711,137810.0354,139473.9082,141830.5408,144615.4349,148624.3515,152440.6282,153191.262,160696.0224
395185,828,Van Wert,msa,OH,85428.13206,85423.2048,85820.22282,87358.383,89679.39159,91155.9562,93277.19105,94708.3789,96559.30256,96689.026,97001.16982,97634.36753,97862.27357,99792.68768,102250.5741,105477.4436,107070.8034,108077.0787,107432.4383,107682.114,109029.815,111723.4493,116051.5272,120451.0589
394435,839,Camden,msa,AR,66822.04111,67303.44617,68589.30055,68938.92294,69976.62121,70075.36181,71002.85518,73189.2066,73150.38621,72407.60859,72001.73437,72640.01917,72357.03328,75184.87209,76654.62253,75266.21058,74278.23222,76544.23678,79441.37282,78951.10315,78694.92356,79641.54606,81826.2106,87934.64846
395154,843,Thomaston,msa,GA,64036.86278,63887.09033,65883.92581,67262.01391,69183.31486,68995.76417,68797.2161,69145.0992,69697.96453,68938.97937,69343.04947,70605.13103,74138.81924,77193.95272,76474.87297,77997.1178,80790.8373,84295.82891,87562.9318,90116.66667,92171.7121,95620.4504,96023.18417,102771.428
395159,848,Toccoa,msa,GA,81621.49699,81984.48097,83299.35326,83361.78225,84335.9524,85870.49793,86907.57403,87727.94031,88276.51977,89777.46123,91446.13411,94264.3815,96202.05625,98499.29416,101069.5298,106414.5598,111400.8874,114252.24,115713.5319,118026.6262,120336.4275,124456.4423,127126.862,133737.2647
395214,859,Wauchula,msa,FL,82337.39215,84522.26671,87846.42931,89759.88031,91676.67072,93958.87828,96510.65865,99706.52351,102024.992,101407.0926,101760.8701,105377.1351,108489.3506,111508.6792,114477.4212,117688.6503,117100.1752,118702.3556,122878.5475,125707.5417,127128.3175,129517.0226,130049.9621,136950.0046
395138,868,Summerville,msa,GA,79837.88452,80128.88436,83144.68207,84410.19943,86210.20746,86110.57099,85265.63755,84997.93571,86105.98498,85708.61411,85489.01516,86203.34454,87600.49464,89173.70003,90447.46195,91917.99577,95252.28774,100351.5919,103512.0435,105088.6714,104232.5276,105913.5091,108252.0492,117217.4393
395004,872,Prineville,msa,OR,179531.4073,183648.4545,189785.5342,197569.9913,204265.4021,208888.8159,215973.7956,225421.0192,233703.5851,239855.7821,246503.7859,256128.0338,264014.1739,271984.4118,276582.8875,279950.492,285489.6716,292458.1211,295093.0883,300001.6109,306305.4813,313810.0047,316486.962,330481.7707
394687,875,Hood River,msa,OR,328546.613,335564.0089,338489.6726,345092.5796,353671.1619,359774.8555,367051.1215,373583.0796,384239.327,395304.9201,408509.8508,422500.8534,428932.6707,435970.1288,445820.7455,450822.0526,454129.1371,460293.6631,463057.501,464330.761,468826.4883,479569.6628,483062.9012,501571.376
394601,876,Forrest City,msa,AR,59747.9791,60553.83584,61976.46814,62815.19511,62997.76742,63957.19812,64322.19091,66256.58506,66940.63786,66637.83413,67098.18369,66929.91594,67625.06836,67544.02973,66713.43848,67400.7649,69330.41679,70846.30087,72050.66421,71917.93626,73557.67868,72981.32654,73382.89066,77932.81506
394418,880,Brookings,msa,OR,246211.0057,246429.7452,247138.1493,253351.3457,261610.699,264854.7394,269751.7611,277021.5049,284322.0813,289506.2149,294026.7112,298831.2491,300534.0601,304994.6831,310037.2303,317370.7451,323509.089,326983.1067,330962.9641,335268.0467,341557.324,347106.23,349598.2652,364464.266
394818,883,Magnolia,msa,AR,100660.9294,99252.81945,100201.1849,104237.4234,110010.6765,110435.9814,111390.2027,111919.9386,111089.0211,109909.6553,112782.3662,117198.0556,117869.2093,119983.3187,119764.195,118927.2724,116946.5331,120061.9744,122431.167,121418.974,119651.1041,121450.3152,126332.6834,130744.2009
395130,890,Sterling,msa,CO,123524.6821,125754.1913,127620.4099,129704.331,133399.4738,137072.9314,139228.4162,141193.2027,143327.3645,144600.7439,146694.9106,150665.5945,154906.6198,157550.6911,160492.8673,164074.7863,167165.524,170847.779,173588.7959,175356.3596,178978.9561,182524.0245,184992.5645,192595.0922
394337,896,Arkadelphia,msa,AR,91511.06096,91920.78406,93966.88229,95672.13935,96251.00661,97503.34926,98557.50305,99776.92452,99671.47775,100086.1358,99662.86281,100296.1959,100950.2799,103235.659,103639.4463,102756.6093,103454.6247,105978.877,107641.0396,105948.4945,107057.8366,108584.8853,110343.2077,113869.4951
394498,905,Cordele,msa,GA,73737.36838,72867.5929,75294.65777,77390.81345,78226.73978,77150.99644,76269.69874,76452.84905,77622.71021,78282.04549,78072.58122,78926.94552,79544.62834,81238.87539,81976.1325,81652.80324,83102.54252,84074.70103,85365.01209,86192.66999,86896.49189,88332.63376,90415.08147,94902.8183
753925,910,Vineyard Haven,msa,MA,657183.8926,661055.6595,669245.3361,679150.5008,694078.7814,708483.512,716784.313,719131.4949,726489.5296,739257.3585,760815.7798,782151.4542,789779.4456,798788.5846,819130.7235,835191.1116,847838.7408,861625.7277,866730.4146,870113.5432,879447.9685,894461.3706,894899.376,931994.6676
394594,923,Fitzgerald,msa,GA,58823.38409,58696.53188,59342.89525,59389.45137,59746.4775,60902.6924,61726.62032,61672.02219,60680.0361,60146.60819,60530.43081,61443.88689,63158.56566,63977.43726,64668.21188,66071.22228,68292.64481,68090.49533,68595.98184,68963.87631,68644.60106,70861.39953,71875.91005,76185.4217
753874,937,Craig,msa,CO,154595.4845,156745.3475,157523.9868,157766.5193,156782.7322,158617.6788,159363.6535,159428.9394,160084.1415,162197.1315,162331.7706,162616.2937,166686.946,168473.5908,168135.8532,171348.2306,173939.7722,176327.7221,180376.1069,183369.6501,185411.6514,189711.6471,192423.3117,197951.6708