RegionID,SizeRank,RegionName,RegionType,StateName,1/31/21,4/30/21,7/31/21,10/31/21,1/31/22,4/30/22,7/31/22,10/31/22,1/31/23,4/30/23,7/31/23,10/31/23,1/31/24,4/30/24,7/31/24,10/31/24
394913,1,New York,msa,NY,2375.172884,2439.562317,2604.012674,2747.226358,2812.969837,2928.143392,3086.702672,3101.07718,3049.553872,3123.97895,3215.867471,3209.870884,3174.657547,3253.440784,3333.168448,3312.654681
753899,2,Los Angeles,msa,CA,2340.04329,2375.787849,2479.666843,2603.361463,2656.615234,2739.026614,2809.742019,2825.98148,2809.89368,2841.280664,2871.594262,2884.808494,2871.25969,2911.722715,2953.144347,2960.439674
394463,3,Chicago,msa,IL,1526.14134,1579.612492,1650.409939,1670.469603,1688.455336,1746.818881,1808.892604,1814.046797,1816.267035,1866.037311,1917.60346,1913.191558,1917.995356,1967.196287,2011.593882,2012.134644
394514,4,Dallas,msa,TX,1399.407109,1439.483439,1534.217735,1604.974007,1638.912942,1683.801944,1756.522203,1747.730534,1728.795475,1746.187442,1766.709081,1756.181164,1741.246848,1748.528748,1768.678076,1760.888138
394692,5,Houston,msa,TX,1388.842066,1409.898367,1485.595414,1531.263635,1546.473203,1580.622073,1620.342869,1619.474173,1615.937931,1641.98795,1666.342345,1657.500276,1656.143264,1676.376708,1700.764048,1703.056842
395209,6,Washington,msa,VA,1881.818613,1915.170381,2019.779033,2080.759487,2083.785243,2137.470988,2213.748792,2209.636463,2182.873866,2233.86363,2279.995119,2290.255503,2283.377249,2342.145005,2395.028225,2393.522636
394974,7,Philadelphia,msa,PA,1487.748198,1517.930576,1580.96222,1617.330579,1652.434241,1688.958142,1731.895898,1734.394151,1733.068143,1755.65528,1781.13597,1800.488546,1800.638892,1826.319566,1852.196929,1868.228756
394856,8,Miami,msa,FL,1850.952625,1937.862015,1937.862015,2269.753671,2406.942862,2520.657432,2608.241546,2629.882942,2642.175595,2656.827425,2677.343219,2697.990109,2703.083595,2730.290782,2741.154116,2755.442716
394347,9,Atlanta,msa,GA,1481.489455,1541.436892,1653.661181,1748.531517,1762.888315,1795.933838,1860.124121,1866.025056,1851.809632,1874.873525,1884.932919,1872.10465,1859.604813,1884.014961,1903.309123,1899.701732
394404,10,Boston,msa,MA,2192.839258,2282.435065,2395.002048,2447.707321,2485.513486,2545.434996,2659.973407,2688.326319,2684.449256,2760.151503,2825.794666,2820.857508,2850.00593,2907.610646,2947.726109,2905.509096
394976,11,Phoenix,msa,AZ,1441.094805,1505.393482,1644.005602,1741.733132,1774.979964,1812.527909,1834.14088,1817.200525,1799.751744,1826.669394,1834.569755,1824.628958,1812.961611,1843.805864,1849.879498,1839.619036
395057,12,San Francisco,msa,CA,2606.498668,2668.309942,2792.960832,2841.753953,2853.134673,2928.984441,2996.965719,2987.537907,2938.635692,2983.174705,3002.94212,2978.431374,2948.356459,3008.10778,3055.72702,3053.30118
395025,13,Riverside,msa,CA,1942.113708,2020.283315,2148.445009,2239.319405,2277.770556,2362.732968,2407.010902,2408.101438,2399.640063,2432.624998,2449.794233,2468.395016,2462.90981,2502.943814,2531.698999,2553.315196
394532,14,Detroit,msa,MI,1157.210894,1190.240088,1244.991011,1279.694374,1296.278672,1326.02479,1370.968785,1369.650136,1365.884233,1378.143618,1399.905929,1409.970344,1420.08163,1444.446993,1476.973465,1486.969866
395078,15,Seattle,msa,WA,1737.641294,1806.873277,1941.282082,2011.912124,2007.711914,2076.988656,2169.43227,2146.466919,2094.606777,2135.513427,2176.637025,2169.062528,2158.196568,2209.911035,2259.37042,2245.910295
394865,16,Minneapolis,msa,MN,1429.158278,1457.734961,1498.736372,1510.499831,1516.382007,1552.063816,1579.617066,1571.605168,1570.082354,1599.856406,1615.302395,1609.76299,1613.05896,1647.868971,1663.782734,1663.993465
395056,17,San Diego,msa,CA,2225.356849,2282.95024,2408.503734,2553.622127,2611.909475,2714.993895,2840.982154,2869.515135,2830.867578,2897.779899,2973.834263,2963.146894,2915.727434,2973.295343,3021.397169,3016.945905
395148,18,Tampa,msa,FL,1458.972309,1515.704125,1661.535075,1791.194366,1842.08587,1902.313623,1973.72382,1970.879799,1974.595291,1998.730877,2018.143653,2028.313622,2027.119622,2039.890676,2050.515471,2064.472938
394530,19,Denver,msa,CO,1584.416998,1635.165174,1742.640226,1797.34933,1804.782076,1866.388335,1926.370287,1911.035077,1887.543284,1936.242404,1972.0841,1965.532533,1949.11976,1986.810957,2017.157891,1986.765043
394358,20,Baltimore,msa,MD,1517.075597,1554.156517,1631.352448,1670.73293,1696.001416,1728.118061,1770.849861,1757.090706,1757.585257,1787.470991,1817.401424,1810.950472,1809.897391,1839.562013,1879.586362,1886.744299
395121,21,St. Louis,msa,MO,1057.986273,1080.638638,1118.941085,1143.086834,1163.741184,1198.988915,1238.477916,1246.782037,1251.073927,1271.62126,1307.586433,1310.185001,1317.725342,1345.451378,1371.564221,1379.526925
394943,22,Orlando,msa,FL,1508.123381,1556.373891,1674.469179,1797.822303,1845.164941,1918.068154,2006.165111,2000.352151,1990.183274,2017.874806,2034.85678,2017.61996,2006.95382,2035.830158,2062.625847,2042.375931
394458,23,Charlotte,msa,NC,1381.13372,1419.132502,1509.115273,1583.942758,1610.464995,1647.532534,1730.931797,1733.330503,1729.301027,1749.672883,1778.606955,1772.379999,1755.581086,1775.362432,1797.930634,1794.849282
395055,24,San Antonio,msa,TX,1241.641326,1267.306107,1335.100092,1393.26693,1410.152205,1449.206409,1485.40681,1475.192516,1470.067102,1486.414523,1488.667134,1471.148569,1467.65199,1481.909117,1489.540102,1464.932285
394998,25,Portland,msa,OR,1507.455992,1551.999814,1635.652102,1685.994561,1688.589192,1733.621966,1807.256227,1808.595154,1794.273962,1816.970676,1814.772873,1799.213374,1785.458091,1828.871519,1872.322686,1866.542206
395045,26,Sacramento,msa,CA,1880.575443,1932.554329,2047.803257,2107.929022,2116.465159,2160.279366,2208.65226,2210.669324,2166.825855,2201.300189,2234.534514,2243.469648,2236.927978,2279.981452,2309.675924,2319.437783
394982,27,Pittsburgh,msa,PA,1144.137313,1168.677435,1207.669408,1230.527869,1239.547191,1265.239802,1303.941797,1312.365084,1308.625038,1329.364018,1349.914731,1358.517328,1374.341096,1382.269501,1412.946633,1423.828737
394466,28,Cincinnati,msa,OH,1164.404371,1192.483987,1232.728413,1267.228683,1285.501579,1329.226461,1380.453129,1391.402756,1401.768095,1429.46453,1461.072709,1476.68478,1492.674523,1512.499408,1536.594552,1560.633655
394355,29,Austin,msa,TX,1423.849403,1489.535036,1626.792498,1719.935718,1724.939918,1786.131061,1856.426074,1827.375882,1789.658148,1811.622923,1814.037102,1767.7372,1738.185236,1749.433951,1756.736955,1709.618311
394775,30,Las Vegas,msa,NV,1401.770329,1445.770229,1601.574436,1707.437082,1722.558388,1749.412958,1790.651194,1739.313747,1709.875119,1734.083715,1754.010933,1748.893291,1743.056147,1770.247406,1804.21643,1794.105449
394735,31,Kansas City,msa,MO,1100.299589,1136.421933,1185.996063,1197.762793,1217.614571,1252.188125,1305.939253,1314.23411,1318.335177,1340.567332,1371.36884,1378.09448,1395.411913,1414.97321,1449.059828,1454.60404
394492,32,Columbus,msa,OH,1208.393114,1242.92744,1298.240219,1323.009629,1336.208829,1368.396987,1437.575652,1433.030732,1427.000575,1457.669214,1496.39408,1498.812996,1502.546508,1527.378629,1567.89027,1581.557606
394705,34,Indianapolis,msa,IN,1178.231702,1204.920471,1262.785859,1308.198175,1316.764703,1360.762095,1419.942247,1424.957209,1427.34837,1448.938104,1474.690775,1482.017981,1494.670228,1515.847317,1545.030226,1550.228785
394475,35,Cleveland,msa,OH,1049.95201,1080.075964,1120.630245,1150.246116,1150.212986,1193.192268,1226.907546,1233.811231,1237.874573,1261.328937,1279.574718,1293.020794,1318.349384,1345.198874,1374.822503,1384.154529
395059,36,San Jose,msa,CA,2755.269149,2790.457969,2928.01215,2995.338005,2992.526317,3099.379505,3229.552055,3223.367823,3162.775542,3203.791772,3257.183047,3225.488378,3193.413706,3278.886562,3368.36062,3358.886151
394902,37,Nashville,msa,TN,1465.404911,1511.277952,1614.959786,1696.184673,1730.637738,1787.753835,1856.956026,1837.333398,1835.321619,1853.556589,1873.224443,1850.907014,1835.771854,1865.126068,1897.83901,1878.578915
395194,38,Virginia Beach,msa,VA,1322.502275,1364.917614,1460.792679,1517.965541,1515.186048,1544.046598,1588.799871,1615.112965,1610.185893,1637.156455,1661.583163,1685.821675,1681.037322,1717.208935,1759.619296,1771.295776
395005,39,Providence,msa,RI,1539.707677,1612.689287,1668.898308,1705.698834,1733.77339,1803.555156,1885.222285,1881.75538,1892.835191,1946.591224,2008.56711,2017.933387,2040.118875,2096.763833,2141.956632,2134.639543
394714,40,Jacksonville,msa,FL,1310.27908,1360.982648,1467.754542,1555.031174,1583.456714,1626.141897,1671.167921,1679.584083,1666.756937,1685.451346,1702.36403,1692.514538,1678.816835,1703.476998,1715.211077,1718.802228
394862,41,Milwaukee,msa,WI,1057.037431,1085.676637,1107.804266,1132.271395,1143.597969,1169.411899,1200.948134,1215.130995,1225.853036,1247.281377,1267.049704,1278.743822,1292.251886,1308.979117,1335.323914,1334.721359
394935,42,Oklahoma City,msa,OK,1077.27641,1106.301154,1166.008131,1197.116388,1206.092029,1237.8766,1277.040512,1274.546013,1272.384561,1287.830147,1307.473329,1320.478296,1325.381541,1328.661838,1353.468188,1370.732591
395012,43,Raleigh,msa,NC,1377.066843,1414.83171,1529.517223,1589.49351,1615.770795,1661.579122,1739.514598,1740.690936,1715.039696,1743.332183,1774.021318,1752.516071,1732.041491,1754.010334,1777.655378,1759.389968
394849,44,Memphis,msa,TN,1158.572468,1194.214778,1258.123428,1309.436572,1321.349262,1348.7057,1386.132161,1380.701051,1394.231629,1412.800517,1423.476928,1407.249444,1437.905894,1446.904757,1465.389121,1478.966558
395022,45,Richmond,msa,VA,1247.314375,1290.648022,1358.605886,1389.303461,1421.923425,1465.246855,1531.839842,1534.464215,1522.149444,1544.759499,1568.651844,1570.630559,1573.977113,1616.966088,1664.506317,1655.267665
394807,46,Louisville,msa,KY,1042.77988,1062.719007,1090.036214,1117.465492,1142.939875,1183.199665,1216.217476,1232.722653,1241.626815,1263.613035,1281.214638,1291.047316,1322.71789,1351.764772,1367.395428,1374.372233
394910,47,New Orleans,msa,LA,1298.551195,1320.207546,1358.43963,1423.971052,1469.864904,1503.364977,1520.73248,1518.111124,1511.129581,1532.47756,1546.784966,1557.861109,1556.705147,1578.145975,1587.171121,1608.179748
395053,48,Salt Lake City,msa,UT,1289.807639,1358.168445,1440.237145,1501.650077,1534.918979,1597.820252,1642.007338,1644.56339,1624.966537,1635.896958,1657.381328,1650.928387,1639.243304,1664.593608,1694.441827,1679.029501
394669,49,Hartford,msa,CT,1391.709756,1418.878979,1487.564136,1521.53539,1552.025739,1589.203981,1625.433692,1653.846734,1651.167019,1714.687226,1751.580347,1772.60091,1776.102708,1825.171239,1885.808067,1900.463243
394425,50,Buffalo,msa,NY,1019.490047,1058.275181,1091.34378,1119.292963,1138.430826,1166.023131,1203.11769,1211.472157,1232.784787,1241.020893,1275.179877,1287.921697,1291.717675,1315.960634,1334.504265,1355.693579
394388,51,Birmingham,msa,AL,1127.525761,1137.671588,1198.808135,1219.197391,1245.070402,1264.432699,1300.98409,1300.004527,1300.186479,1331.64881,1356.686809,1362.28121,1363.722577,1383.985494,1396.114991,1425.490909
395031,52,Rochester,msa,NY,1113.44906,1147.129047,1193.723665,1208.54812,1209.604918,1278.790219,1329.067465,1308.93277,1318.948393,1344.315694,1384.496623,1392.971493,1402.143158,1433.379696,1449.854839,1452.934187
394640,53,Grand Rapids,msa,MI,1189.771104,1235.144494,1301.287066,1310.828022,1347.171201,1385.172666,1437.936353,1456.150908,1438.59112,1465.252224,1516.274066,1520.465664,1540.166468,1554.383593,1583.489788,1597.554435
395167,54,Tucson,msa,AZ,1218.081361,1272.543198,1337.377943,1421.340765,1456.470171,1492.683784,1519.316422,1526.737091,1531.777635,1548.506358,1581.35831,1584.044096,1596.216208,1599.746748,1614.714088,1626.202239
753924,55,Urban Honolulu,msa,HI,2141.48782,2213.392242,2267.14817,2337.93163,2343.598463,2411.800402,2428.06224,2435.289797,2446.389584,2496.232845,2511.163781,2532.651804,2533.441685,2581.08261,2628.036649,2653.342748
395169,56,Tulsa,msa,OK,1075.222586,1112.384202,1161.041649,1197.44744,1229.102897,1275.510142,1301.157274,1289.643651,1287.860555,1307.567933,1347.733378,1346.228007,1364.868223,1381.472751,1405.763176,1415.232599
394619,57,Fresno,msa,CA,1526.769724,1608.110142,1706.794952,1761.485848,1793.662714,1824.320157,1856.821177,1860.566338,1888.137769,1912.415674,1981.445111,1975.841362,1978.115741,2002.870357,2047.000871,2046.741364
395238,58,Worcester,msa,MA,1486.351442,1522.08876,1589.417265,1637.756306,1661.649726,1728.850828,1810.731025,1793.068353,1823.894765,1870.773847,1920.500323,1944.546423,1936.887732,2000.938718,2065.303869,2062.52437
394938,59,Omaha,msa,NE,1028.50096,1053.738122,1102.524925,1116.027281,1124.525404,1157.999364,1201.12236,1211.806544,1227.240016,1255.059008,1282.000107,1285.784334,1285.398071,1306.287397,1338.062322,1340.799103
394415,60,Bridgeport,msa,CT,2112.362605,2170.963465,2282.651941,2301.224265,2320.543513,2410.01976,2526.705063,2508.94881,2484.080671,2543.885134,2608.241203,2609.176832,2629.57916,2688.178378,2769.267732,2777.04068
394653,61,Greenville,msa,SC,1207.21625,1243.127979,1313.185516,1346.893816,1365.829714,1406.482707,1478.897334,1477.895599,1470.70214,1498.456462,1516.192721,1528.335597,1541.39729,1548.772954,1584.098692,1578.974305
394312,62,Albuquerque,msa,NM,1106.595655,1155.131166,1233.243442,1290.089294,1299.683612,1342.049064,1408.879819,1422.129376,1428.727323,1440.206434,1473.317474,1485.993506,1493.137265,1507.576295,1526.459098,1534.575993
394357,63,Bakersfield,msa,CA,1307.526622,1325.799786,1389.435029,1456.13709,1519.608997,1577.057348,1627.136206,1630.849246,1618.357647,1658.045273,1680.717406,1702.774284,1701.323231,1737.383859,1764.17569,1767.178602
394308,64,Albany,msa,NY,1249.124506,1283.485966,1320.244827,1331.447537,1362.20812,1399.680437,1451.799289,1460.970165,1445.859006,1467.838459,1514.054211,1509.103937,1516.62777,1550.655749,1585.878494,1582.51759
394753,65,Knoxville,msa,TN,1205.691919,1248.428603,1357.454658,1430.256642,1444.007607,1528.259548,1614.804967,1630.414212,1631.762644,1665.579388,1719.757,1755.651532,1754.454627,1762.475117,1781.592735,1816.319853
394367,66,Baton Rouge,msa,LA,1147.744561,1169.886557,1204.302205,1253.026694,1263.871296,1290.712929,1323.586162,1307.262546,1288.375527,1300.324692,1326.529705,1321.670171,1337.577756,1326.477551,1364.122859,1364.824182
394843,67,McAllen,msa,TX,942.4326319,967.231598,1000.042852,1022.812657,1043.180137,1069.182221,1091.074493,1093.14929,1100.302574,1126.777194,1130.466149,1130.58193,1139.297213,1144.754472,1155.612766,1142.100262
394908,68,New Haven,msa,CT,1394.615479,1434.669774,1514.50303,1545.434826,1575.046027,1627.846682,1683.684565,1702.985731,1719.442355,1744.176453,1812.366583,1831.2823,1864.187707,1902.399764,1949.233821,1973.541032
394561,69,El Paso,msa,TX,1159.416697,1190.018733,1235.206926,1270.726835,1309.396176,1365.965799,1425.323973,1431.33307,1446.319718,1478.320387,1492.982138,1505.383534,1507.660105,1537.300051,1550.922749,1543.515491
394318,70,Allentown,msa,PA,1353.266621,1392.710533,1486.659996,1517.139153,1565.484862,1604.284698,1637.5337,1626.96932,1634.170567,1673.071043,1700.908793,1716.778406,1699.313706,1725.655675,1773.768878,1782.069118
394952,71,Oxnard,msa,CA,2412.990332,2474.01413,2582.237563,2669.276739,2746.040646,2806.229507,2841.337282,2852.070176,2844.88309,2888.542982,2906.293132,2927.765557,2960.375976,3012.617747,3038.950215,3055.825038
394486,72,Columbia,msa,SC,1147.691494,1186.971343,1251.677044,1291.99718,1309.984395,1346.134638,1402.236481,1408.585261,1413.951826,1449.800159,1482.864535,1501.065496,1508.831183,1525.32985,1550.142201,1560.601926
753906,73,North Port,msa,FL,1680.268851,1715.649003,1886.078203,2067.11467,2189.481061,2211.808039,2261.501116,2271.300208,2345.146593,2337.937393,2308.518519,2331.467911,2316.368556,2332.113702,2318.162457,2361.831969
845158,74,Dayton,msa,OH,987.8747307,1014.427625,1054.986984,1092.458773,1098.403877,1131.662597,1171.373501,1183.402282,1185.91649,1203.961715,1235.27915,1257.503315,1268.197344,1285.705233,1307.058333,1322.937391
394457,75,Charleston,msa,SC,1414.391705,1468.429238,1563.123395,1635.363704,1648.335434,1720.278952,1822.515215,1851.658501,1841.050014,1898.834654,1954.133993,1954.783843,1962.745932,1984.266025,2032.687806,2036.277467
394648,76,Greensboro,msa,NC,1082.300455,1128.494658,1176.433233,1231.211388,1261.67215,1306.720714,1353.62284,1368.585538,1378.255466,1399.521972,1425.731263,1433.897565,1441.626291,1464.371908,1501.024069,1504.185973
395134,77,Stockton,msa,CA,1946.176009,2024.673684,2131.723903,2159.309675,2164.13483,2244.904606,2251.816227,2256.315226,2240.124342,2250.231343,2311.376774,2323.274491,2315.856363,2364.26756,2389.570304,2391.679825
394440,78,Cape Coral,msa,FL,1458.619806,1498.791606,1612.685614,1770.094787,1904.721041,1935.467716,2011.228669,2070.850239,2165.71267,2166.444283,2122.145891,2133.415137,2137.067495,2103.402541,2082.914879,2113.639852
394399,79,Boise City,msa,ID,1431.675962,1537.880022,1669.109777,1680.213284,1671.889026,1739.26811,1798.997704,1764.980008,1720.99869,1768.747348,1780.994297,1758.679972,1729.776701,1791.894837,1827.809376,1814.762079
394484,80,Colorado Springs,msa,CO,1497.840943,1560.66854,1653.321681,1688.188088,1701.985539,1746.118,1805.208538,1788.803209,1781.133047,1814.454354,1830.194898,1827.87749,1830.225735,1844.747588,1879.087457,1866.52717
394798,81,Little Rock,msa,AR,980.4170497,1011.202847,1047.155054,1081.943848,1090.67402,1106.620878,1137.511812,1141.005795,1141.439348,1161.252926,1180.346298,1185.94226,1206.216631,1224.200991,1231.907763,1237.313204
394766,82,Lakeland,msa,FL,1408.266921,1446.105933,1557.537922,1647.561588,1681.612366,1746.290645,1815.992044,1806.734622,1815.023367,1831.731782,1850.604862,1841.17883,1841.271432,1875.815629,1873.378713,1863.614914
394304,83,Akron,msa,OH,943.2196635,965.6421899,1012.09559,1031.188229,1041.091838,1087.762412,1124.463957,1139.840293,1151.333167,1163.189936,1202.310219,1210.840259,1228.930021,1232.804086,1277.977159,1287.339378
394531,84,Des Moines,msa,IA,1060.409891,1077.572527,1100.963499,1117.841381,1119.412037,1150.018657,1191.147727,1190.478277,1188.764853,1208.223356,1230.461767,1227.858111,1223.153114,1254.155495,1271.474705,1260.776887
395115,85,Springfield,msa,MA,1304.89806,1367.491634,1361.867094,1396.669798,1426.94681,1491.779391,1517.674068,1572.387127,1613.774697,1634.677216,1646.432916,1667.762284,1729.187867,1751.424318,1759.257203,1803.924874
845159,86,Poughkeepsie,msa,NY,1680.17979,1684.330268,1791.052094,1844.892843,1871.930594,1939.409713,1982.264168,1981.25685,1991.641489,2051.930203,2073.073543,2075.189539,2131.535382,2137.976002,2189.726696,2238.250768
394931,87,Ogden,msa,UT,1302.793312,1353.770532,1443.291949,1488.317617,1535.369013,1589.330191,1637.299828,1626.232899,1609.370626,1673.063589,1683.812269,1680.281876,1659.611405,1688.32021,1727.560911,1699.684222
394816,88,Madison,msa,WI,1365.234495,1395.709493,1421.378492,1449.27088,1458.717388,1486.027561,1546.126737,1558.245792,1594.355535,1651.221459,1698.524517,1709.053237,1723.095864,1751.584966,1760.281865,1794.186187
395235,89,Winston,msa,NC,1158.25121,1198.435138,1272.847917,1312.191553,1329.362018,1383.477497,1427.379914,1451.655941,1430.439189,1465.964725,1507.341594,1504.063277,1496.072298,1521.350669,1566.94271,1594.242852
394528,90,Deltona,msa,FL,1390.413644,1445.197455,1520.601121,1622.868221,1665.041448,1737.818137,1809.786092,1816.694459,1821.751234,1858.549745,1851.6168,1857.517197,1853.256818,1877.069884,1898.913005,1893.158937
395143,91,Syracuse,msa,NY,1137.032914,1179.373048,1229.244603,1256.056515,1276.538665,1312.662443,1366.256261,1382.667093,1364.417288,1402.295296,1422.458796,1440.601117,1486.02895,1494.750414,1521.77586,1557.303397
395006,92,Provo,msa,UT,1433.123303,1475.846913,1561.822524,1631.25861,1653.565135,1724.116309,1766.23322,1764.474182,1747.64786,1774.048669,1809.25928,1808.648703,1793.922169,1822.752735,1854.918909,1841.003373
395160,93,Toledo,msa,OH,900.4678312,937.2060853,987.257225,1004.388028,1018.066957,1053.127898,1110.112229,1092.113815,1083.461627,1111.089757,1130.831266,1142.047208,1154.443121,1170.869766,1194.368361,1212.616472
395224,94,Wichita,msa,KS,864.706955,890.6073982,920.8352296,937.8732139,946.7349421,971.8862856,996.2221932,1011.060089,1023.455365,1038.659791,1061.887912,1072.13867,1078.248349,1101.907342,1114.099384,1111.921965
394549,95,Durham,msa,NC,1333.481161,1355.03758,1464.838602,1517.045147,1536.892166,1587.64197,1676.289765,1661.630507,1659.014493,1684.625576,1705.146562,1693.239941,1688.262632,1715.15051,1732.352054,1718.075052
394352,96,Augusta,msa,GA,1067.918322,1098.088561,1162.100527,1198.844636,1208.174028,1253.492137,1285.580135,1277.754076,1298.309314,1327.448871,1348.145977,1354.28122,1359.071085,1376.055522,1394.963687,1411.98275
394957,97,Palm Bay,msa,FL,1458.647971,1511.17344,1623.625166,1733.014499,1773.424547,1838.137382,1923.731728,1927.368075,1923.336959,1948.803591,1970.536723,1957.746212,1949.836991,1973.352428,1991.581965,2002.840446
394666,99,Harrisburg,msa,PA,1070.0112,1095.39086,1157.64102,1198.506496,1211.653869,1245.394154,1275.479949,1280.701657,1269.970008,1307.539356,1334.586101,1343.365783,1332.842965,1350.090203,1375.334867,1388.308367
395113,100,Spokane,msa,WA,1138.52016,1235.09568,1387.669957,1381.879654,1362.563578,1420.615926,1468.055786,1466.252095,1430.198882,1448.659009,1469.257145,1472.840878,1463.249048,1484.163421,1513.757462,1510.754385
395075,101,Scranton,msa,PA,976.7426571,1014.706793,1059.888456,1094.65528,1099.645118,1150.486224,1163.194142,1193.894092,1180.722408,1190.41593,1219.017052,1244.766529,1237.760423,1267.540874,1299.697495,1303.807778
394460,102,Chattanooga,msa,TN,1155.102194,1189.828012,1266.618633,1320.852509,1360.972635,1409.283767,1443.284115,1448.38712,1452.732164,1480.951979,1511.47187,1523.141906,1523.131133,1538.469793,1568.16193,1564.332946
394871,103,Modesto,msa,CA,1563.198066,1597.703221,1689.700489,1704.965389,1767.656761,1820.396192,1843.042284,1855.008615,1850.226249,1868.549684,1907.440229,1926.895896,1922.371784,1959.43772,2003.798225,2013.167152
394768,104,Lancaster,msa,PA,1075.635099,1119.477027,1147.365439,1182.166587,1201.748219,1237.396815,1265.412589,1295.117311,1295.291316,1340.185041,1356.436368,1371.053023,1376.265808,1397.896893,1433.939745,1439.965886
394997,105,Portland,msa,ME,1666.50451,1732.516714,1839.265297,1871.494915,1898.653756,1962.147153,2063.15331,2075.62787,2023.821138,2117.199061,2175.606834,2153.063814,2124.070308,2218.439636,2269.773169,2256.610017
395245,106,Youngstown,msa,OH,752.1874831,780.0070344,809.5945912,841.6503539,850.287424,861.8390377,865.9150849,882.2017117,896.3426055,911.8697788,918.5970872,932.4098461,949.5308392,968.5790538,990.5845053,1015.252778
394770,107,Lansing,msa,MI,1074.891316,1103.894831,1123.689727,1170.224284,1191.508601,1225.075112,1251.519208,1276.369456,1281.171462,1293.391599,1296.630307,1320.532576,1340.466786,1367.486554,1391.649635,1409.450653
394590,108,Fayetteville,msa,AR,1169.646127,1202.182171,1248.471072,1297.326248,1322.394744,1355.797712,1437.794136,1469.354629,1491.26819,1502.713477,1518.948041,1528.104717,1524.528248,1553.014403,1585.350951,1598.574437
394589,109,Fayetteville,msa,NC,1058.061896,1108.308501,1180.286358,1211.939975,1258.536938,1306.980262,1336.286254,1358.760923,1357.545378,1392.467483,1409.070863,1413.174727,1412.14044,1437.885137,1465.118804,1478.284071
394792,110,Lexington,msa,KY,1052.3222,1077.846471,1138.808054,1177.042855,1185.762906,1217.038569,1281.571587,1282.183093,1300.431672,1320.617494,1354.170867,1372.392486,1378.962318,1395.770594,1433.813671,1468.808751
395068,112,Santa Rosa,msa,CA,2192.489847,2223.177181,2322.233688,2370.164778,2402.21025,2480.784435,2523.714374,2513.194631,2495.435827,2535.034819,2575.424633,2591.303678,2596.671621,2609.316599,2631.826792,2651.02684
395019,113,Reno,msa,NV,1597.491585,1650.170717,1769.575272,1797.108491,1777.253266,1813.920945,1858.777185,1825.449922,1804.214545,1822.614959,1862.907858,1834.163059,1818.026443,1872.944286,1916.326999,1913.761486
394698,114,Huntsville,msa,AL,1176.111321,1222.835403,1297.429533,1336.269188,1354.340332,1377.119152,1418.145527,1409.294048,1418.573537,1451.426343,1454.189685,1463.3037,1463.869277,1463.767188,1493.04904,1488.629485
394995,115,Port St. Lucie,msa,FL,1664.106922,1712.165352,1835.105467,1998.855478,2133.834366,2104.360943,2190.110634,2229.441305,2241.757793,2242.382537,2266.332066,2310.252594,2298.770343,2304.953992,2319.203011,2337.813753
394898,117,Myrtle Beach,msa,SC,1289.678578,1302.987718,1405.303883,1524.528306,1516.867551,1609.937717,1678.534307,1697.945001,1671.982585,1697.419361,1739.950656,1733.522388,1715.079418,1756.46877,1782.958444,1816.813744
395116,118,Springfield,msa,MO,917.6903272,965.1037009,1038.739966,1034.547635,1065.686221,1101.213945,1132.877976,1140.692739,1141.592517,1149.87501,1181.028874,1184.622411,1178.154292,1204.235899,1220.205264,1234.684064
395195,119,Visalia,msa,CA,1309.154402,1374.020753,1433.294898,1496.714989,1593.148655,1553.625237,1651.369584,1650.217478,1635.466758,1655.187506,1651.993967,1672.692344,1707.977972,1692.667612,1769.946098,1759.829017
394746,120,Killeen,msa,TX,1044.840829,1096.875183,1180.007539,1240.905732,1266.139838,1298.622471,1328.846958,1330.84945,1321.22053,1335.379979,1348.462946,1351.971036,1338.108733,1349.462197,1351.595114,1348.582551
394338,121,Asheville,msa,NC,1341.48335,1394.164361,1466.197723,1542.461062,1602.24329,1635.729121,1712.279101,1739.79883,1750.580492,1761.937099,1784.579888,1797.593454,1814.43625,1845.645675,1865.791505,1886.474251
395244,122,York,msa,PA,1020.13507,1019.537859,1085.998113,1102.57986,1119.603519,1140.502189,1181.098735,1164.68525,1186.7635,1201.01186,1231.898185,1251.279477,1252.291144,1284.729645,1291.399032,1316.610411
395183,123,Vallejo,msa,CA,2097.039386,2106.469775,2193.734974,2239.893613,2269.886131,2311.233485,2358.797168,2332.888849,2304.419657,2357.02445,2364.841062,2372.394633,2346.473517,2412.72174,2451.4536,2465.735812
753917,124,Santa Maria,msa,CA,2574.096552,2688.892708,2851.285057,3032.689416,3155.748442,3289.906255,3333.333824,3391.80533,3383.389118,3368.243611,3416.080818,3514.243818,3421.320229,3495.197824,3571.915328,3611.06925
395050,125,Salinas,msa,CA,2100.007795,2123.945925,2188.930434,2273.986307,2317.014036,2322.002618,2421.540376,2442.038549,2480.811698,2465.253886,2537.724458,2551.887873,2542.97004,2613.793729,2630.607989,2674.905671
395048,126,Salem,msa,OR,1288.07298,1326.283155,1399.020202,1447.518476,1443.4013,1492.834306,1571.917653,1613.127669,1586.766414,1607.575573,1622.222279,1644.73325,1631.847904,1635.265629,1666.524516,1682.850811
395015,128,Reading,msa,PA,1018.171093,1042.661289,1111.479402,1127.190536,1139.966621,1174.240665,1201.079142,1269.547025,1249.050931,1303.778606,1333.010227,1345.335866,1314.615102,1412.572369,1431.15704,1436.536452
394502,129,Corpus Christi,msa,TX,1258.553099,1302.622575,1381.876222,1405.287107,1398.767606,1411.814086,1452.22628,1442.557825,1410.305591,1450.718966,1478.741492,1467.638716,1444.104053,1467.621737,1480.629973,1477.404481
394820,131,Manchester,msa,NH,1496.062131,1522.87709,1621.100557,1719.180165,1723.399201,1806.970999,1831.909277,1849.64437,1858.676836,1912.547434,1945.262584,1967.38379,1961.941306,1985.004936,2037.056369,2062.213515
394612,132,Fort Wayne,msa,IN,826.2628193,838.4018325,898.6865971,935.1370012,959.1307917,1000.029022,1024.365843,1032.601434,1029.22765,1041.868637,1052.166946,1075.759128,1082.342891,1089.768716,1115.240764,1135.5319
394658,133,Gulfport,msa,MS,1040.653164,1063.736367,1136.908951,1198.736306,1235.403048,1219.705878,1261.774684,1308.894421,1305.655001,1322.540694,1351.319297,1388.79165,1367.147124,1385.185073,1421.532212,1432.002171
395051,134,Salisbury,msa,DE,1368.756277,1483.976976,1559.209908,1581.995248,1592.632803,1653.709367,1736.481718,1721.26579,1709.351147,1785.279132,1784.12787,1783.279688,1760.597269,1813.669802,1850.040152,1907.775862
394596,135,Flint,msa,MI,841.5296101,870.1998062,907.588017,945.0960766,945.5121315,981.8149136,1018.273941,1007.180772,995.5902435,979.4769129,1008.296411,1033.387441,1032.623529,1068.714881,1099.882767,1128.022516
394439,137,Canton,msa,OH,796.0649066,821.2809112,841.4921158,864.3177812,876.1352549,908.1680593,952.2372932,956.5737874,964.631626,981.0441771,998.9043073,1018.609954,1039.678091,1057.311846,1078.688816,1074.868118
395070,138,Savannah,msa,GA,1245.621483,1301.082424,1411.405922,1497.982272,1524.820332,1596.407048,1690.02241,1698.488312,1701.213476,1732.398428,1762.073996,1767.960026,1792.252746,1810.049707,1839.57987,1847.244607
394327,139,Anchorage,msa,AK,1365.48987,1366.983978,1429.135215,1465.343547,1458.475014,1519.829312,1590.429654,1592.657071,1587.756877,1627.907545,1688.083113,1695.9631,1689.250668,1712.517016,1753.353959,1762.929607
394372,140,Beaumont,msa,TX,967.2522492,996.3908156,1000.938302,1013.933466,1039.790461,1040.718347,1058.386198,1075.36899,1079.624727,1072.625793,1085.665977,1111.305846,1123.08482,1139.154322,1171.579814,1179.861253
395096,141,Shreveport,msa,LA,1053.588848,1058.793366,1107.269487,1157.001633,1140.370129,1145.007718,1190.970384,1197.760895,1183.801089,1219.911919,1234.063165,1236.651648,1227.553227,1256.777405,1277.923752,1285.136667
395164,142,Trenton,msa,NJ,1813.049698,1865.19373,1905.555349,1957.666818,2026.140059,2095.774378,2153.73162,2163.821442,2189.297837,2229.203288,2314.888513,2314.681052,2352.194547,2353.011787,2387.973423,2403.283115
394875,143,Montgomery,msa,AL,987.6549475,1003.010341,1054.736232,1091.805178,1115.896395,1149.29829,1162.441291,1166.978088,1160.215393,1199.862356,1205.46701,1220.83275,1232.159442,1258.709369,1273.309134,1294.389235
394520,144,Davenport,msa,IL,782.7610232,803.3401506,821.1138593,840.3420568,845.6418727,856.6048642,884.7276832,894.9910088,894.8855683,908.0465457,912.2719999,915.4020041,923.6735254,952.8970467,965.2137349,969.4105273
395146,145,Tallahassee,msa,FL,1060.656409,1076.628119,1126.279399,1193.863835,1222.904336,1247.05542,1316.566018,1365.225519,1362.021808,1389.862183,1403.217799,1425.350143,1463.998511,1462.249522,1464.178452,1474.385907
394576,146,Eugene,msa,OR,1339.453236,1368.389662,1447.205382,1506.595925,1503.103253,1545.045501,1658.384957,1653.361657,1633.039268,1650.753466,1688.000724,1700.78163,1671.471486,1730.588973,1763.724089,1765.582201
394901,147,Naples,msa,FL,2200.504649,2256.132487,2415.839295,2750.345894,3034.079184,3069.621133,3113.698258,3131.629536,3362.468439,3267.969057,3245.387643,3378.258032,3431.350908,3285.67831,3325.608108,3442.476472
394332,148,Ann Arbor,msa,MI,1654.794958,1706.930805,1747.002191,1804.833547,1823.159801,1872.756772,1969.090056,1971.956104,1972.98288,1987.090263,2033.771036,2052.206625,2060.308527,2104.557076,2128.768102,2157.154169
394927,149,Ocala,msa,FL,1193.352706,1201.01033,1280.866194,1398.524634,1444.160711,1496.402636,1539.118637,1520.888856,1533.981592,1556.228145,1562.298608,1544.177994,1542.841998,1558.649477,1586.549804,1597.380251
394602,152,Fort Collins,msa,CO,1531.04732,1592.600978,1652.885255,1706.530326,1716.172133,1756.648671,1815.590208,1839.738262,1829.870945,1884.424482,1911.110036,1899.397043,1925.600464,1964.614169,2000.72091,1952.945119
395033,153,Rockford,msa,IL,918.6184538,949.1313261,961.4600333,977.7806938,996.7182295,1036.547492,1051.622296,1069.613447,1064.920299,1105.102577,1131.617495,1157.426716,1185.072414,1182.315276,1226.550235,1251.210956
394622,155,Gainesville,msa,FL,1216.49956,1253.194194,1323.761097,1436.701875,1471.690076,1489.237558,1544.495116,1571.851163,1558.394442,1589.234005,1621.721959,1601.194391,1616.781322,1635.004337,1634.413526,1666.005418
394405,156,Boulder,msa,CO,1972.588253,2034.345189,2123.080245,2172.105785,2191.441595,2285.133511,2314.289271,2332.526877,2305.614104,2364.859844,2424.512143,2423.384365,2429.329218,2444.932577,2504.949535,2507.454282
394488,158,Columbus,msa,GA,929.3167591,955.7829486,1008.172358,1075.540696,1088.724815,1095.86895,1126.672018,1143.648022,1116.23832,1123.807859,1154.79337,1165.420045,1171.857088,1214.972892,1203.877584,1224.96049
395107,159,South Bend,msa,IN,951.6773997,992.848074,1054.008931,1079.746252,1117.075167,1111.378033,1185.888196,1193.451422,1204.587375,1224.598581,1271.470884,1280.97568,1292.254177,1290.37259,1318.482273,1322.619393
394808,162,Lubbock,msa,TX,1122.074535,1151.629971,1186.127543,1199.509014,1209.56253,1249.423384,1260.730253,1252.84705,1269.459672,1278.395136,1284.817622,1285.472724,1278.502142,1311.087642,1321.734846,1312.052285
394471,163,Clarksville,msa,TN,1045.784885,1080.642512,1147.882387,1192.044935,1208.75067,1247.653897,1295.09377,1288.962943,1272.753031,1302.598927,1307.091859,1296.663361,1319.497217,1336.255312,1358.055145,1381.646489
395028,164,Roanoke,msa,VA,984.6326394,1005.220344,1054.01127,1096.790206,1128.40399,1169.836103,1234.627837,1254.676689,1238.124333,1270.842411,1313.166107,1330.988544,1311.98029,1334.827682,1386.941226,1381.323178
394579,165,Evansville,msa,IN,743.5493534,753.1848519,793.2686156,820.823403,830.7300666,832.1273496,846.0537153,870.4560648,871.6425621,898.1939866,923.6522694,924.5514541,941.2980288,971.3870962,994.7229551,988.9297222
394741,168,Kennewick,msa,WA,1309.448241,1362.255338,1447.697382,1468.366821,1476.565369,1543.320919,1580.370796,1568.258393,1590.000559,1649.691813,1665.224033,1673.447943,1675.510774,1689.253241,1711.879393,1708.721717
394660,170,Hagerstown,msa,MD,1130.299686,1164.616285,1216.943787,1254.69901,1286.5689,1322.855803,1356.326239,1392.329203,1420.039511,1439.518631,1437.472106,1466.909017,1471.425955,1487.793479,1540.261436,1540.633532
394937,172,Olympia,msa,WA,1580.236593,1658.898915,1725.282412,1784.230496,1809.307492,1857.308615,1908.367421,1878.960639,1855.023143,1904.205091,1943.380784,1949.840836,1949.60445,1968.91812,2002.847507,2008.524673
395229,174,Wilmington,msa,NC,1319.333198,1364.959482,1431.777836,1513.851912,1559.754838,1654.388123,1745.150212,1744.416432,1709.58576,1739.855934,1760.804017,1781.148275,1757.407,1752.049937,1798.736393,1802.973196
395061,175,San Luis Obispo,msa,CA,2104.391885,2106.877689,2153.67018,2230.954203,2291.583477,2376.003429,2415.191158,2430.802363,2452.671729,2533.484485,2565.130882,2582.612902,2697.738839,2671.19909,2704.226564,2748.501015
753875,176,Crestview,msa,FL,1441.338817,1571.94763,1760.899418,1792.219031,1807.755808,1882.635428,1945.97981,1933.941523,1876.73331,1927.938362,1948.692947,1932.173561,1889.8047,1930.521046,1968.628756,1966.559696
394851,177,Merced,msa,CA,1519.255613,1547.476247,1692.285858,1762.846444,1807.380473,1854.345615,1828.103991,1849.11511,1834.813506,1886.268681,1877.394044,1921.222141,1903.56092,1945.73031,1978.904354,2008.431013
395197,178,Waco,msa,TX,1154.94562,1187.313344,1255.235023,1302.52442,1325.082423,1375.951999,1445.681479,1449.034152,1461.810535,1465.025916,1474.499882,1492.019647,1483.836792,1520.930044,1525.700702,1523.191121
394348,180,Atlantic City,msa,NJ,1285.487969,1387.070973,1446.780858,1514.79139,1589.047648,1687.146612,1722.926472,1713.413112,1726.439063,1753.12827,1806.520781,1829.571173,1882.412296,1936.225433,1920.734683,1885.66129
394412,181,Bremerton,msa,WA,1618.283486,1705.680914,1839.554052,1897.430774,1900.914917,1913.869987,1989.612391,1954.203872,1897.733548,1882.325442,1952.573703,1975.479863,1952.329352,2015.720322,2058.79025,2091.245872
395065,183,Santa Cruz,msa,CA,2713.318422,2792.112017,2868.867518,3054.815082,3082.099405,3137.663824,3267.212235,3340.565721,3217.691819,3292.767797,3464.091213,3392.002286,3300.150375,3455.968797,3558.867579,3504.868462
394924,185,Norwich,msa,CT,1285.261985,1324.232304,1382.885611,1450.515603,1425.173793,1501.270127,1535.438791,1585.964945,1559.209024,1631.571288,1649.072802,1722.588956,1709.468682,1783.454481,1827.731527,1851.444316
394483,189,College Station,msa,TX,1525.773475,1526.064953,1548.754938,1617.75831,1632.649247,1669.408193,1695.250028,1747.011603,1774.366021,1795.618618,1798.29476,1835.730464,1872.958329,1870.994466,1880.963059,1965.914836
394732,190,Kalamazoo,msa,MI,1056.805389,1084.737071,1120.061282,1156.234733,1166.888717,1198.980853,1239.034,1247.615747,1228.62822,1259.7845,1275.030627,1273.755142,1280.51944,1311.472339,1324.08382,1363.769151
394811,191,Lynchburg,msa,VA,1013.023821,1045.820921,1076.367419,1117.599618,1183.222556,1208.184201,1242.003297,1307.523871,1330.579053,1314.902985,1324.25967,1328.629841,1360.26894,1383.04207,1355.888006,1370.659692
845160,198,Prescott Valley,msa,AZ,1442.09031,1553.491949,1616.758129,1697.387381,1720.818878,1791.672432,1838.645754,1827.843848,1808.157647,1855.828274,1853.05797,1874.824859,1851.038821,1918.906302,1895.093083,1926.772665
395161,199,Topeka,msa,KS,822.1304874,839.1809348,877.3100646,901.3209672,912.8144153,961.1744696,968.0713678,991.3279506,996.9579035,1017.395475,1050.825338,1042.284169,1047.766492,1070.431216,1104.336739,1127.695527
394519,203,Daphne,msa,AL,1358.39829,1433.631677,1547.321267,1667.925867,1630.83544,1653.138589,1723.389038,1701.639098,1723.181183,1737.086461,1763.797366,1753.710921,1721.213304,1748.22262,1800.33592,1797.513534
394378,205,Bellingham,msa,WA,1498.41084,1571.316997,1619.22971,1686.421451,1715.09049,1783.979489,1831.232408,1834.088858,1847.121973,1907.889672,1926.754175,1939.765696,1920.358883,1975.887325,2001.813018,1997.730099
395030,207,Rochester,msa,MN,1292.224496,1344.286471,1370.287807,1368.919816,1408.169604,1450.555545,1494.702402,1475.572489,1496.701818,1521.568033,1546.449601,1525.424142,1509.452307,1566.795597,1597.926805,1580.685464
753895,208,Lafayette,msa,IN,1146.067431,1147.308075,1187.278734,1214.737071,1228.737836,1274.971104,1326.046704,1389.110847,1385.464657,1407.199756,1467.437578,1487.723739,1527.546521,1514.157214,1549.335152,1623.656454
394454,209,Champaign,msa,IL,1012.734023,1024.414395,1040.271775,1067.1493,1099.835576,1136.127858,1144.549103,1160.030361,1185.395608,1210.133253,1198.497496,1222.518162,1236.638072,1265.447298,1310.712429,1311.009336
394848,210,Medford,msa,OR,1604.740842,1614.860364,1654.699154,1698.223604,1722.469369,1736.987358,1785.390296,1784.911212,1760.000607,1798.928295,1835.899014,1856.053215,1860.190661,1895.419117,1915.695709,1927.374074
394459,212,Charlottesville,msa,VA,1437.481321,1460.675315,1534.41134,1558.358774,1601.29883,1627.841708,1681.591779,1693.136272,1713.683795,1748.093277,1765.613611,1794.606384,1763.404972,1856.386028,1911.204627,1883.678214
394773,214,Las Cruces,msa,NM,1119.513175,1136.16801,1170.167022,1225.720437,1261.396288,1329.157362,1339.871428,1336.284955,1387.462756,1394.633719,1432.944631,1459.888612,1438.599156,1479.989405,1480.861364,1496.216776
394464,215,Chico,msa,CA,1385.005173,1390.277027,1438.984635,1479.755023,1476.698306,1500.150875,1530.648918,1560.562133,1539.601596,1561.195463,1581.29803,1586.305859,1584.155765,1591.942888,1620.922875,1668.372222
394681,216,Hilton Head Island,msa,SC,1496.040953,1519.967046,1638.356149,1785.384484,1860.884106,1939.854331,2001.790853,2028.545399,2015.483189,2066.659996,2081.012823,2103.0843,2091.307106,2117.73034,2136.830641,2148.544643
394346,217,Athens,msa,GA,1331.867938,1366.968357,1397.74708,1462.392129,1500.710831,1534.113986,1609.773533,1628.325768,1661.289297,1727.986852,1747.174583,1763.525133,1798.411482,1823.45135,1852.340105,1869.16938
394765,218,Lake Havasu City,msa,AZ,1213.015497,1326.963327,1379.442986,1421.304986,1465.05718,1504.336264,1517.657669,1516.122268,1534.801671,1538.658482,1542.231394,1582.217881,1572.470388,1602.543148,1603.630919,1642.951403
394485,219,Columbia,msa,MO,830.1301258,845.6673025,889.9334421,914.1918855,948.9031655,969.5518676,994.0605804,1030.088247,1037.391133,1072.021687,1090.966999,1102.273957,1120.914821,1154.404179,1185.473233,1194.080448
394623,226,Gainesville,msa,GA,1360.015933,1400.586636,1563.097594,1612.049702,1633.159097,1673.278123,1727.867227,1728.600801,1736.733978,1796.76489,1780.809028,1770.014212,1767.577927,1817.575352,1857.979373,1825.812378
394716,227,Jacksonville,msa,NC,1049.468544,1076.211146,1128.056423,1167.83297,1221.069481,1287.708168,1361.222153,1352.836844,1345.301023,1363.909982,1393.384558,1401.601987,1406.477511,1425.847386,1437.470105,1442.211385
394380,232,Bend,msa,OR,1912.114593,1973.569399,2168.930611,2139.460447,2106.256627,2136.284423,2209.846581,2194.299902,2151.053109,2182.857946,2239.195963,2225.336915,2213.353658,2232.48816,2295.595011,2288.651509
395162,236,Torrington,msa,CT,1252.282622,1251.813982,1370.457701,1326.937404,1391.169957,1467.120494,1502.826303,1496.871236,1509.487162,1546.505928,1658.758788,1721.556347,1639.830819,1780.034134,1852.1316,1773.641775
395009,237,Punta Gorda,msa,FL,1855.496355,1928.91415,1939.735313,2180.656917,2363.977488,2348.535878,2493.62594,2495.335581,2659.815204,2657.850763,2601.031066,2601.236677,2603.784811,2664.721233,2546.098421,2616.528714
394386,239,Billings,msa,MT,1076.196824,1127.429438,1199.990301,1218.213938,1224.60854,1273.930181,1352.992586,1356.815024,1347.203177,1375.737235,1404.348677,1400.062618,1408.949165,1410.162872,1445.890284,1458.377982
394960,242,Panama City,msa,FL,1411.76199,1464.82307,1538.383111,1626.327814,1660.601695,1685.986812,1745.105695,1736.299313,1696.706763,1740.095421,1754.38881,1752.789733,1719.56636,1750.705315,1796.665195,1778.402051
394539,244,Dover,msa,DE,1241.934212,1321.772022,1386.597286,1466.548632,1454.056462,1464.457927,1505.313651,1517.32826,1571.941491,1526.234621,1573.094988,1588.803636,1628.904975,1661.823214,1639.302623,1650.533598
394299,251,Abilene,msa,TX,1009.195078,1027.021494,1054.561017,1105.453318,1082.346223,1128.789823,1159.237573,1182.673061,1178.288951,1213.692982,1217.44116,1229.317469,1212.294229,1234.416078,1253.396774,1278.422784
394651,259,Greenville,msa,NC,1104.048217,1143.458943,1180.970897,1230.321485,1234.619346,1300.822248,1344.70651,1363.459598,1387.608018,1409.709015,1451.837029,1470.056024,1480.593528,1479.666023,1512.723827,1565.534804
394553,263,East Stroudsburg,msa,PA,1361.425012,1402.136115,1486.253575,1488.356256,1558.961215,1646.404189,1661.407039,1674.702612,1723.97769,1764.68497,1744.16688,1763.370553,1850.213635,1807.727194,1831.088717,1846.541394
395079,274,Sebastian,msa,FL,1730.519344,1806.303401,1906.977943,1992.00352,2186.891252,2214.751608,2212.183692,2419.92046,2355.037298,2376.592786,2376.276499,2581.319312,2597.567915,2509.208947,2520.283473,2591.634065
394453,277,Chambersburg,msa,PA,855.260066,872.9503507,914.4724676,937.6097022,966.4932016,952.0843161,1011.647206,1002.205727,1028.452159,1027.624085,1075.012794,1082.294367,1105.523768,1086.529539,1130.794259,1149.314815
394703,279,Idaho Falls,msa,ID,966.5966019,1034.881654,1096.189747,1162.573449,1179.883051,1220.57098,1240.58244,1234.232009,1212.932219,1238.358807,1259.395156,1264.923245,1245.00672,1283.35496,1297.842694,1304.785403
394639,280,Grand Junction,msa,CO,1161.211838,1183.116667,1246.66483,1281.565744,1317.738764,1373.743446,1379.781639,1418.788981,1417.469084,1439.73546,1447.641213,1494.042535,1444.313911,1540.07577,1578.768663,1589.164457
395223,298,Wichita Falls,msa,TX,918.8548929,918.9104278,986.2753952,998.0532537,1015.58776,1050.952921,1097.013446,1105.423619,1091.887605,1133.748397,1153.400723,1149.847833,1161.249397,1171.299904,1202.085089,1186.990079
395232,308,Winchester,msa,VA,1356.85186,1399.393489,1476.514717,1522.280743,1533.193987,1591.23069,1633.40404,1656.930511,1653.233205,1686.13166,1733.454769,1721.550396,1765.033729,1786.113511,1849.10346,1850.874126
394668,317,Harrisonburg,msa,VA,1389.226107,1302.15392,1368.944015,1350.238849,1431.62181,1466.011208,1504.661009,1539.27008,1563.945322,1636.96158,1653.699726,1603.943796,1649.695859,1710.514327,1747.643929,1717.081197
394821,320,Manhattan,msa,KS,984.8862564,996.225719,993.2604408,1007.100476,1023.550713,1039.570931,1044.798906,1066.766389,1061.630431,1064.461377,1083.815454,1098.752884,1114.619338,1121.547797,1144.324767,1156.395886
394780,332,Lawton,msa,OK,770.5904947,779.6802153,817.5565267,811.7373591,828.2667022,931.9452676,918.8330227,937.279347,954.7934048,961.9812103,954.093946,983.7870355,982.3437841,995.6888111,1024.557679,1028.832323
394867,354,Missoula,msa,MT,1053.935556,1112.965923,1242.43637,1207.40176,1259.926805,1302.196553,1330.877105,1336.654783,1327.301386,1356.015688,1413.214944,1387.283972,1363.398342,1407.178306,1453.369631,1429.192613
753872,361,California,msa,MD,1397.235967,1448.600872,1525.547636,1576.310291,1540.785128,1553.544091,1601.515707,1589.933376,1563.978003,1607.173916,1683.960761,1683.793141,1681.406465,1768.976341,1800.623371,1776.391026
394462,391,Cheyenne,msa,WY,1139.650188,1146.566878,1187.032006,1222.925527,1227.1021,1254.783931,1277.984661,1293.310705,1288.536499,1309.833256,1323.904883,1337.40182,1348.686833,1370.378931,1386.186093,1394.016855
394925,428,Oak Harbor,msa,WA,1572.974108,1584.125203,1680.591625,1716.910768,1724.79387,1769.308802,1827.036851,1826.761172,1822.591577,1912.822464,1962.063204,1988.486455,1971.35219,1981.275039,2041.000512,2072.59623
394682,449,Hinesville,msa,GA,1120.156142,1156.432564,1253.654628,1332.315757,1417.273805,1438.936538,1485.018825,1527.156271,1524.666819,1541.096253,1523.120681,1514.989994,1569.304894,1586.855161,1694.292035,1669.922249
394571,585,Enterprise,msa,AL,1052.623992,1066.111557,1090.349046,1120.226557,1154.040195,1233.036446,1258.797327,1259.017808,1255.597297,1297.128538,1337.800184,1338.959063,1333.748035,1323.616553,1363.669275,1383.840909